2025-05-04 15:00:38 [main] INFO  c.c.h.HotelManagementBackendApplication - Starting HotelManagementBackendApplication using Java 17.0.14 with PID 183148 (/home/hoangphu/Màn hình nền/Hotel-Management-Backend/hotel-management-backend/build/classes/java/main started by hoangphu in /home/hoangphu/Màn hình nền/Hotel-Management-Backend/hotel-management-backend)
2025-05-04 15:00:38 [main] INFO  c.c.h.HotelManagementBackendApplication - No active profile set, falling back to 1 default profile: "default"
2025-05-04 15:00:39 [main] INFO  o.s.d.r.c.RepositoryConfigurationDelegate - Bootstrapping Spring Data JPA repositories in DEFAULT mode.
2025-05-04 15:00:39 [main] INFO  o.s.d.r.c.RepositoryConfigurationDelegate - Finished Spring Data repository scanning in 83 ms. Found 10 JPA repository interfaces.
2025-05-04 15:00:39 [main] TRACE o.s.a.a.a.AnnotationAwareAspectJAutoProxyCreator - Did not attempt to auto-proxy infrastructure class [org.springframework.aop.Advisor]
2025-05-04 15:00:39 [main] TRACE o.s.a.a.a.AnnotationAwareAspectJAutoProxyCreator - Did not attempt to auto-proxy infrastructure class [org.aopalliance.intercept.MethodInterceptor]
2025-05-04 15:00:39 [main] TRACE o.s.a.a.a.AnnotationAwareAspectJAutoProxyCreator - Did not attempt to auto-proxy infrastructure class [org.springframework.aop.Advisor]
2025-05-04 15:00:39 [main] TRACE o.s.a.a.a.AnnotationAwareAspectJAutoProxyCreator - Did not attempt to auto-proxy infrastructure class [org.aopalliance.intercept.MethodInterceptor]
2025-05-04 15:00:39 [main] TRACE o.s.a.a.a.AnnotationAwareAspectJAutoProxyCreator - Did not attempt to auto-proxy infrastructure class [org.springframework.aop.Advisor]
2025-05-04 15:00:39 [main] TRACE o.s.a.a.a.AnnotationAwareAspectJAutoProxyCreator - Did not attempt to auto-proxy infrastructure class [org.aopalliance.intercept.MethodInterceptor]
2025-05-04 15:00:39 [main] TRACE o.s.a.a.a.AnnotationAwareAspectJAutoProxyCreator - Did not attempt to auto-proxy infrastructure class [org.springframework.aop.Advisor]
2025-05-04 15:00:39 [main] TRACE o.s.a.a.a.AnnotationAwareAspectJAutoProxyCreator - Did not attempt to auto-proxy infrastructure class [org.aopalliance.intercept.MethodInterceptor]
2025-05-04 15:00:39 [main] TRACE o.s.a.a.a.AnnotationAwareAspectJAutoProxyCreator - Did not attempt to auto-proxy infrastructure class [org.springframework.aop.Advisor]
2025-05-04 15:00:39 [main] TRACE o.s.a.a.a.AnnotationAwareAspectJAutoProxyCreator - Did not attempt to auto-proxy infrastructure class [org.aopalliance.intercept.MethodInterceptor]
2025-05-04 15:00:39 [main] TRACE o.s.a.a.a.AnnotationAwareAspectJAutoProxyCreator - Did not attempt to auto-proxy infrastructure class [org.springframework.security.authorization.method.AuthorizationAdvisorProxyFactory]
2025-05-04 15:00:39 [main] TRACE o.s.a.a.a.AnnotationAwareAspectJAutoProxyCreator - Did not attempt to auto-proxy infrastructure class [org.springframework.transaction.interceptor.BeanFactoryTransactionAttributeSourceAdvisor]
2025-05-04 15:00:39 [main] TRACE o.s.a.f.a.BeanFactoryAdvisorRetrievalHelper - Skipping currently created advisor 'org.springframework.transaction.config.internalTransactionAdvisor'
2025-05-04 15:00:39 [main] DEBUG o.s.a.a.a.ReflectiveAspectJAdvisorFactory - Found AspectJ method: public void codegym.c10.hotel.aspect.ActivityLoggingAspect.logActivity(org.aspectj.lang.JoinPoint,java.lang.Object)
2025-05-04 15:00:39 [main] TRACE o.s.a.f.a.BeanFactoryAdvisorRetrievalHelper - Skipping currently created advisor 'org.springframework.transaction.config.internalTransactionAdvisor'
2025-05-04 15:00:39 [main] TRACE o.s.a.f.a.BeanFactoryAdvisorRetrievalHelper - Skipping currently created advisor 'org.springframework.transaction.config.internalTransactionAdvisor'
2025-05-04 15:00:39 [main] DEBUG org.aspectj.weaver.Lint - ENTRY o.a.w.Lint@f5cf29b
2025-05-04 15:00:39 [main] DEBUG org.aspectj.weaver.Lint - ENTRY o.a.w.r.ReflectionWorld@345d053b
2025-05-04 15:00:39 [main] DEBUG org.aspectj.weaver.Lint - RETURN
2025-05-04 15:00:39 [main] DEBUG org.aspectj.weaver.Lint - ENTRY o.a.w.Lint@64deb58f
2025-05-04 15:00:39 [main] DEBUG org.aspectj.weaver.Lint - ENTRY o.a.w.r.ReflectionWorld@2b1cd7bc
2025-05-04 15:00:39 [main] DEBUG org.aspectj.weaver.Lint - RETURN
2025-05-04 15:00:39 [main] DEBUG org.aspectj.weaver.Lint - ENTRY o.a.w.Lint@d48e998
2025-05-04 15:00:39 [main] DEBUG org.aspectj.weaver.Lint - ENTRY o.a.w.r.ReflectionWorld@7cfac39f
2025-05-04 15:00:39 [main] DEBUG org.aspectj.weaver.Lint - RETURN
2025-05-04 15:00:39 [main] DEBUG org.aspectj.weaver.Lint - ENTRY o.a.w.Lint@158ae284
2025-05-04 15:00:39 [main] DEBUG org.aspectj.weaver.Lint - ENTRY o.a.w.r.ReflectionWorld@50eb4a2c
2025-05-04 15:00:39 [main] DEBUG org.aspectj.weaver.Lint - RETURN
2025-05-04 15:00:39 [main] TRACE o.s.a.f.a.BeanFactoryAdvisorRetrievalHelper - Skipping currently created advisor 'org.springframework.transaction.config.internalTransactionAdvisor'
2025-05-04 15:00:39 [main] TRACE o.s.a.f.a.BeanFactoryAdvisorRetrievalHelper - Skipping currently created advisor 'org.springframework.transaction.config.internalTransactionAdvisor'
2025-05-04 15:00:39 [main] TRACE o.s.a.f.a.BeanFactoryAdvisorRetrievalHelper - Skipping currently created advisor 'org.springframework.transaction.config.internalTransactionAdvisor'
2025-05-04 15:00:39 [main] TRACE o.s.a.a.a.AnnotationAwareAspectJAutoProxyCreator - Did not attempt to auto-proxy infrastructure class [org.springframework.transaction.interceptor.TransactionInterceptor]
2025-05-04 15:00:40 [main] INFO  o.s.b.w.e.tomcat.TomcatWebServer - Tomcat initialized with port 8080 (http)
2025-05-04 15:00:40 [main] INFO  o.a.catalina.core.StandardService - Starting service [Tomcat]
2025-05-04 15:00:40 [main] INFO  o.a.catalina.core.StandardEngine - Starting Servlet engine: [Apache Tomcat/10.1.39]
2025-05-04 15:00:40 [main] INFO  o.a.c.c.C.[Tomcat].[localhost].[/] - Initializing Spring embedded WebApplicationContext
2025-05-04 15:00:40 [main] INFO  o.s.b.w.s.c.ServletWebServerApplicationContext - Root WebApplicationContext: initialization completed in 1545 ms
2025-05-04 15:00:40 [main] TRACE o.s.aop.framework.JdkDynamicAopProxy - Creating JDK dynamic proxy: org.springframework.context.annotation.ContextAnnotationAutowireCandidateResolver$LazyDependencyTargetSource@670342a2
2025-05-04 15:00:40 [main] INFO  com.zaxxer.hikari.HikariDataSource - HikariPool-1 - Starting...
2025-05-04 15:00:40 [main] INFO  com.zaxxer.hikari.pool.HikariPool - HikariPool-1 - Added connection com.mysql.cj.jdbc.ConnectionImpl@176333ee
2025-05-04 15:00:40 [main] INFO  com.zaxxer.hikari.HikariDataSource - HikariPool-1 - Start completed.
2025-05-04 15:00:41 [main] INFO  o.s.o.j.p.SpringPersistenceUnitInfo - No LoadTimeWeaver setup: ignoring JPA class transformer
2025-05-04 15:00:42 [main] DEBUG org.hibernate.SQL - 
    alter table employees 
       modify column gender enum ('FEMALE','MALE','OTHER') not null
2025-05-04 15:00:42 [main] INFO  o.s.o.j.LocalContainerEntityManagerFactoryBean - Initialized JPA EntityManagerFactory for persistence unit 'default'
2025-05-04 15:00:43 [main] TRACE o.s.aop.framework.JdkDynamicAopProxy - Creating JDK dynamic proxy: org.springframework.data.jpa.repository.support.CrudMethodMetadataPostProcessor$ThreadBoundTargetSource@2287bbd1
2025-05-04 15:00:43 [main] TRACE o.s.aop.framework.JdkDynamicAopProxy - Creating JDK dynamic proxy: SingletonTargetSource for target object [org.springframework.data.jpa.repository.support.SimpleJpaRepository@40949bb0]
2025-05-04 15:00:43 [main] INFO  c.c.h.aspect.ActivityLoggingAspect - ===== ACTIVITY LOGGING ASPECT INITIALIZED (Async Mode) =====
2025-05-04 15:00:43 [main] TRACE o.s.aop.framework.JdkDynamicAopProxy - Creating JDK dynamic proxy: org.springframework.data.jpa.repository.support.CrudMethodMetadataPostProcessor$ThreadBoundTargetSource@14ca4b4d
2025-05-04 15:00:43 [main] TRACE o.s.aop.framework.JdkDynamicAopProxy - Creating JDK dynamic proxy: SingletonTargetSource for target object [org.springframework.data.jpa.repository.support.SimpleJpaRepository@266b7d1]
2025-05-04 15:00:43 [main] TRACE o.s.aop.framework.JdkDynamicAopProxy - Creating JDK dynamic proxy: org.springframework.data.jpa.repository.support.CrudMethodMetadataPostProcessor$ThreadBoundTargetSource@62243a7a
2025-05-04 15:00:43 [main] TRACE o.s.aop.framework.JdkDynamicAopProxy - Creating JDK dynamic proxy: SingletonTargetSource for target object [org.springframework.data.jpa.repository.support.SimpleJpaRepository@26acbc9d]
2025-05-04 15:00:43 [main] DEBUG org.hibernate.SQL - 
    select
        p1_0.id,
        p1_0.created_at,
        p1_0.deleted,
        p1_0.name,
        p1_0.updated_at 
    from
        permissions p1_0 
    where
        p1_0.name=?
2025-05-04 15:00:43 [main] DEBUG org.hibernate.SQL - 
    select
        p1_0.id,
        p1_0.created_at,
        p1_0.deleted,
        p1_0.name,
        p1_0.updated_at 
    from
        permissions p1_0 
    where
        p1_0.name=?
2025-05-04 15:00:43 [main] DEBUG org.hibernate.SQL - 
    select
        p1_0.id,
        p1_0.created_at,
        p1_0.deleted,
        p1_0.name,
        p1_0.updated_at 
    from
        permissions p1_0 
    where
        p1_0.name=?
2025-05-04 15:00:43 [main] DEBUG org.hibernate.SQL - 
    select
        p1_0.id,
        p1_0.created_at,
        p1_0.deleted,
        p1_0.name,
        p1_0.updated_at 
    from
        permissions p1_0 
    where
        p1_0.name=?
2025-05-04 15:00:43 [main] DEBUG org.hibernate.SQL - 
    select
        p1_0.id,
        p1_0.created_at,
        p1_0.deleted,
        p1_0.name,
        p1_0.updated_at 
    from
        permissions p1_0 
    where
        p1_0.name=?
2025-05-04 15:00:43 [main] DEBUG org.hibernate.SQL - 
    select
        p1_0.id,
        p1_0.created_at,
        p1_0.deleted,
        p1_0.name,
        p1_0.updated_at 
    from
        permissions p1_0 
    where
        p1_0.name=?
2025-05-04 15:00:43 [main] DEBUG org.hibernate.SQL - 
    select
        p1_0.id,
        p1_0.created_at,
        p1_0.deleted,
        p1_0.name,
        p1_0.updated_at 
    from
        permissions p1_0 
    where
        p1_0.name=?
2025-05-04 15:00:43 [main] DEBUG org.hibernate.SQL - 
    select
        p1_0.id,
        p1_0.created_at,
        p1_0.deleted,
        p1_0.name,
        p1_0.updated_at 
    from
        permissions p1_0 
    where
        p1_0.name=?
2025-05-04 15:00:43 [main] DEBUG org.hibernate.SQL - 
    select
        p1_0.id,
        p1_0.created_at,
        p1_0.deleted,
        p1_0.name,
        p1_0.updated_at 
    from
        permissions p1_0 
    where
        p1_0.name=?
2025-05-04 15:00:43 [main] DEBUG org.hibernate.SQL - 
    select
        p1_0.id,
        p1_0.created_at,
        p1_0.deleted,
        p1_0.name,
        p1_0.updated_at 
    from
        permissions p1_0 
    where
        p1_0.name=?
2025-05-04 15:00:43 [main] DEBUG org.hibernate.SQL - 
    select
        p1_0.id,
        p1_0.created_at,
        p1_0.deleted,
        p1_0.name,
        p1_0.updated_at 
    from
        permissions p1_0 
    where
        p1_0.name=?
2025-05-04 15:00:43 [main] DEBUG org.hibernate.SQL - 
    select
        p1_0.id,
        p1_0.created_at,
        p1_0.deleted,
        p1_0.name,
        p1_0.updated_at 
    from
        permissions p1_0 
    where
        p1_0.name=?
2025-05-04 15:00:43 [main] DEBUG org.hibernate.SQL - 
    select
        p1_0.id,
        p1_0.created_at,
        p1_0.deleted,
        p1_0.name,
        p1_0.updated_at 
    from
        permissions p1_0 
    where
        p1_0.name=?
2025-05-04 15:00:43 [main] DEBUG org.hibernate.SQL - 
    select
        p1_0.id,
        p1_0.created_at,
        p1_0.deleted,
        p1_0.name,
        p1_0.updated_at 
    from
        permissions p1_0 
    where
        p1_0.name=?
2025-05-04 15:00:43 [main] DEBUG org.hibernate.SQL - 
    select
        p1_0.id,
        p1_0.created_at,
        p1_0.deleted,
        p1_0.name,
        p1_0.updated_at 
    from
        permissions p1_0 
    where
        p1_0.name=?
2025-05-04 15:00:43 [main] DEBUG org.hibernate.SQL - 
    select
        p1_0.id,
        p1_0.created_at,
        p1_0.deleted,
        p1_0.name,
        p1_0.updated_at 
    from
        permissions p1_0 
    where
        p1_0.name=?
2025-05-04 15:00:43 [main] DEBUG org.hibernate.SQL - 
    select
        p1_0.id,
        p1_0.created_at,
        p1_0.deleted,
        p1_0.name,
        p1_0.updated_at 
    from
        permissions p1_0 
    where
        p1_0.name=?
2025-05-04 15:00:43 [main] DEBUG org.hibernate.SQL - 
    select
        p1_0.id,
        p1_0.created_at,
        p1_0.deleted,
        p1_0.name,
        p1_0.updated_at 
    from
        permissions p1_0 
    where
        p1_0.name=?
2025-05-04 15:00:43 [main] DEBUG org.hibernate.SQL - 
    select
        p1_0.id,
        p1_0.created_at,
        p1_0.deleted,
        p1_0.name,
        p1_0.updated_at 
    from
        permissions p1_0 
    where
        p1_0.name=?
2025-05-04 15:00:43 [main] DEBUG org.hibernate.SQL - 
    select
        p1_0.id,
        p1_0.created_at,
        p1_0.deleted,
        p1_0.name,
        p1_0.updated_at 
    from
        permissions p1_0 
    where
        p1_0.name=?
2025-05-04 15:00:43 [main] DEBUG org.hibernate.SQL - 
    select
        p1_0.id,
        p1_0.created_at,
        p1_0.deleted,
        p1_0.name,
        p1_0.updated_at 
    from
        permissions p1_0 
    where
        p1_0.name=?
2025-05-04 15:00:43 [main] DEBUG org.hibernate.SQL - 
    select
        p1_0.id,
        p1_0.created_at,
        p1_0.deleted,
        p1_0.name,
        p1_0.updated_at 
    from
        permissions p1_0 
    where
        p1_0.name=?
2025-05-04 15:00:43 [main] DEBUG org.hibernate.SQL - 
    select
        p1_0.id,
        p1_0.created_at,
        p1_0.deleted,
        p1_0.name,
        p1_0.updated_at 
    from
        permissions p1_0 
    where
        p1_0.name=?
2025-05-04 15:00:43 [main] DEBUG org.hibernate.SQL - 
    select
        p1_0.id,
        p1_0.created_at,
        p1_0.deleted,
        p1_0.name,
        p1_0.updated_at 
    from
        permissions p1_0 
    where
        p1_0.name=?
2025-05-04 15:00:43 [main] DEBUG org.hibernate.SQL - 
    select
        p1_0.id,
        p1_0.created_at,
        p1_0.deleted,
        p1_0.name,
        p1_0.updated_at 
    from
        permissions p1_0 
    where
        p1_0.name=?
2025-05-04 15:00:43 [main] DEBUG org.hibernate.SQL - 
    select
        p1_0.id,
        p1_0.created_at,
        p1_0.deleted,
        p1_0.name,
        p1_0.updated_at 
    from
        permissions p1_0 
    where
        p1_0.name=?
2025-05-04 15:00:43 [main] DEBUG org.hibernate.SQL - 
    select
        p1_0.id,
        p1_0.created_at,
        p1_0.deleted,
        p1_0.name,
        p1_0.updated_at 
    from
        permissions p1_0 
    where
        p1_0.name=?
2025-05-04 15:00:43 [main] DEBUG org.hibernate.SQL - 
    select
        r1_0.id,
        r1_0.created_at,
        r1_0.deleted,
        r1_0.name,
        r1_0.updated_at 
    from
        roles r1_0 
    where
        r1_0.name=?
2025-05-04 15:00:43 [main] DEBUG org.hibernate.SQL - 
    select
        p1_0.role_id,
        p1_1.id,
        p1_1.created_at,
        p1_1.deleted,
        p1_1.name,
        p1_1.updated_at 
    from
        role_permissions p1_0 
    join
        permissions p1_1 
            on p1_1.id=p1_0.permission_id 
    where
        p1_0.role_id=?
2025-05-04 15:00:43 [main] DEBUG org.hibernate.SQL - 
    select
        r1_0.id,
        r1_0.created_at,
        r1_0.deleted,
        r1_0.name,
        r1_0.updated_at 
    from
        roles r1_0 
    where
        r1_0.name=?
2025-05-04 15:00:43 [main] DEBUG org.hibernate.SQL - 
    select
        p1_0.role_id,
        p1_1.id,
        p1_1.created_at,
        p1_1.deleted,
        p1_1.name,
        p1_1.updated_at 
    from
        role_permissions p1_0 
    join
        permissions p1_1 
            on p1_1.id=p1_0.permission_id 
    where
        p1_0.role_id=?
2025-05-04 15:00:43 [main] DEBUG org.hibernate.SQL - 
    select
        r1_0.id,
        r1_0.created_at,
        r1_0.deleted,
        r1_0.name,
        r1_0.updated_at 
    from
        roles r1_0 
    where
        r1_0.name=?
2025-05-04 15:00:43 [main] DEBUG org.hibernate.SQL - 
    select
        p1_0.role_id,
        p1_1.id,
        p1_1.created_at,
        p1_1.deleted,
        p1_1.name,
        p1_1.updated_at 
    from
        role_permissions p1_0 
    join
        permissions p1_1 
            on p1_1.id=p1_0.permission_id 
    where
        p1_0.role_id=?
2025-05-04 15:00:43 [main] DEBUG org.hibernate.SQL - 
    select
        r1_0.id,
        r1_0.created_at,
        r1_0.deleted,
        r1_0.name,
        r1_0.updated_at 
    from
        roles r1_0 
    where
        r1_0.name=?
2025-05-04 15:00:43 [main] DEBUG org.hibernate.SQL - 
    select
        p1_0.role_id,
        p1_1.id,
        p1_1.created_at,
        p1_1.deleted,
        p1_1.name,
        p1_1.updated_at 
    from
        role_permissions p1_0 
    join
        permissions p1_1 
            on p1_1.id=p1_0.permission_id 
    where
        p1_0.role_id=?
2025-05-04 15:00:43 [main] TRACE o.s.a.a.a.AnnotationAwareAspectJAutoProxyCreator - Creating implicit proxy for bean 'permissionInitializer' with 0 common interceptors and 1 specific interceptors
2025-05-04 15:00:43 [main] TRACE o.s.aop.framework.CglibAopProxy - Creating CGLIB proxy: SingletonTargetSource for target object [codegym.c10.hotel.config.PermissionInitializer@3987bfc8]
2025-05-04 15:00:43 [main] TRACE o.s.aop.framework.CglibAopProxy - Unable to apply any optimizations to advised method: public void codegym.c10.hotel.config.PermissionInitializer.initializePermissions()
2025-05-04 15:00:43 [main] TRACE o.s.aop.framework.CglibAopProxy - Found 'equals' method: public boolean java.lang.Object.equals(java.lang.Object)
2025-05-04 15:00:43 [main] TRACE o.s.aop.framework.CglibAopProxy - Unable to apply any optimizations to advised method: public java.lang.String java.lang.Object.toString()
2025-05-04 15:00:43 [main] TRACE o.s.aop.framework.CglibAopProxy - Found 'hashCode' method: public native int java.lang.Object.hashCode()
2025-05-04 15:00:43 [main] TRACE o.s.aop.framework.CglibAopProxy - Unable to apply any optimizations to advised method: protected native java.lang.Object java.lang.Object.clone() throws java.lang.CloneNotSupportedException
2025-05-04 15:00:43 [main] TRACE o.s.aop.framework.CglibAopProxy - Method is declared on Advised interface: public abstract int org.springframework.aop.framework.Advised.indexOf(org.springframework.aop.Advisor)
2025-05-04 15:00:43 [main] TRACE o.s.aop.framework.CglibAopProxy - Method is declared on Advised interface: public abstract int org.springframework.aop.framework.Advised.indexOf(org.aopalliance.aop.Advice)
2025-05-04 15:00:43 [main] TRACE o.s.aop.framework.CglibAopProxy - Method is declared on Advised interface: public abstract boolean org.springframework.aop.framework.Advised.isFrozen()
2025-05-04 15:00:43 [main] TRACE o.s.aop.framework.CglibAopProxy - Method is declared on Advised interface: public abstract org.springframework.aop.TargetSource org.springframework.aop.framework.Advised.getTargetSource()
2025-05-04 15:00:43 [main] TRACE o.s.aop.framework.CglibAopProxy - Method is declared on Advised interface: public abstract java.lang.Class[] org.springframework.aop.framework.Advised.getProxiedInterfaces()
2025-05-04 15:00:43 [main] TRACE o.s.aop.framework.CglibAopProxy - Method is declared on Advised interface: public abstract boolean org.springframework.aop.framework.Advised.isInterfaceProxied(java.lang.Class)
2025-05-04 15:00:43 [main] TRACE o.s.aop.framework.CglibAopProxy - Method is declared on Advised interface: public default int org.springframework.aop.framework.Advised.getAdvisorCount()
2025-05-04 15:00:43 [main] TRACE o.s.aop.framework.CglibAopProxy - Method is declared on Advised interface: public abstract org.springframework.aop.Advisor[] org.springframework.aop.framework.Advised.getAdvisors()
2025-05-04 15:00:43 [main] TRACE o.s.aop.framework.CglibAopProxy - Method is declared on Advised interface: public abstract boolean org.springframework.aop.framework.Advised.isProxyTargetClass()
2025-05-04 15:00:43 [main] TRACE o.s.aop.framework.CglibAopProxy - Method is declared on Advised interface: public abstract void org.springframework.aop.framework.Advised.setTargetSource(org.springframework.aop.TargetSource)
2025-05-04 15:00:43 [main] TRACE o.s.aop.framework.CglibAopProxy - Method is declared on Advised interface: public abstract void org.springframework.aop.framework.Advised.setExposeProxy(boolean)
2025-05-04 15:00:43 [main] TRACE o.s.aop.framework.CglibAopProxy - Method is declared on Advised interface: public abstract boolean org.springframework.aop.framework.Advised.isExposeProxy()
2025-05-04 15:00:43 [main] TRACE o.s.aop.framework.CglibAopProxy - Method is declared on Advised interface: public abstract void org.springframework.aop.framework.Advised.setPreFiltered(boolean)
2025-05-04 15:00:43 [main] TRACE o.s.aop.framework.CglibAopProxy - Method is declared on Advised interface: public abstract boolean org.springframework.aop.framework.Advised.isPreFiltered()
2025-05-04 15:00:43 [main] TRACE o.s.aop.framework.CglibAopProxy - Method is declared on Advised interface: public abstract void org.springframework.aop.framework.Advised.addAdvisor(org.springframework.aop.Advisor) throws org.springframework.aop.framework.AopConfigException
2025-05-04 15:00:43 [main] TRACE o.s.aop.framework.CglibAopProxy - Method is declared on Advised interface: public abstract void org.springframework.aop.framework.Advised.addAdvisor(int,org.springframework.aop.Advisor) throws org.springframework.aop.framework.AopConfigException
2025-05-04 15:00:43 [main] TRACE o.s.aop.framework.CglibAopProxy - Method is declared on Advised interface: public abstract boolean org.springframework.aop.framework.Advised.removeAdvisor(org.springframework.aop.Advisor)
2025-05-04 15:00:43 [main] TRACE o.s.aop.framework.CglibAopProxy - Method is declared on Advised interface: public abstract void org.springframework.aop.framework.Advised.removeAdvisor(int) throws org.springframework.aop.framework.AopConfigException
2025-05-04 15:00:43 [main] TRACE o.s.aop.framework.CglibAopProxy - Method is declared on Advised interface: public abstract boolean org.springframework.aop.framework.Advised.replaceAdvisor(org.springframework.aop.Advisor,org.springframework.aop.Advisor) throws org.springframework.aop.framework.AopConfigException
2025-05-04 15:00:43 [main] TRACE o.s.aop.framework.CglibAopProxy - Method is declared on Advised interface: public abstract void org.springframework.aop.framework.Advised.addAdvice(int,org.aopalliance.aop.Advice) throws org.springframework.aop.framework.AopConfigException
2025-05-04 15:00:43 [main] TRACE o.s.aop.framework.CglibAopProxy - Method is declared on Advised interface: public abstract void org.springframework.aop.framework.Advised.addAdvice(org.aopalliance.aop.Advice) throws org.springframework.aop.framework.AopConfigException
2025-05-04 15:00:43 [main] TRACE o.s.aop.framework.CglibAopProxy - Method is declared on Advised interface: public abstract boolean org.springframework.aop.framework.Advised.removeAdvice(org.aopalliance.aop.Advice)
2025-05-04 15:00:43 [main] TRACE o.s.aop.framework.CglibAopProxy - Method is declared on Advised interface: public abstract java.lang.String org.springframework.aop.framework.Advised.toProxyConfigString()
2025-05-04 15:00:43 [main] TRACE o.s.aop.framework.CglibAopProxy - Method is declared on Advised interface: public abstract java.lang.Class org.springframework.aop.TargetClassAware.getTargetClass()
2025-05-04 15:00:43 [main] TRACE o.s.aop.framework.JdkDynamicAopProxy - Creating JDK dynamic proxy: org.springframework.data.jpa.repository.support.CrudMethodMetadataPostProcessor$ThreadBoundTargetSource@468d1fcc
2025-05-04 15:00:43 [main] TRACE o.s.aop.framework.JdkDynamicAopProxy - Creating JDK dynamic proxy: SingletonTargetSource for target object [org.springframework.data.jpa.repository.support.SimpleJpaRepository@37d12d0e]
2025-05-04 15:00:43 [main] TRACE o.s.a.a.a.AnnotationAwareAspectJAutoProxyCreator - Creating implicit proxy for bean 'auditServiceImpl' with 0 common interceptors and 1 specific interceptors
2025-05-04 15:00:43 [main] TRACE o.s.aop.framework.CglibAopProxy - Creating CGLIB proxy: SingletonTargetSource for target object [codegym.c10.hotel.service.audit.AuditServiceImpl@7677d320]
2025-05-04 15:00:43 [main] TRACE o.s.aop.framework.CglibAopProxy - Unable to apply any optimizations to advised method: public java.util.List codegym.c10.hotel.service.audit.AuditServiceImpl.getRevisions(java.lang.Class,java.lang.Object)
2025-05-04 15:00:43 [main] TRACE o.s.aop.framework.CglibAopProxy - Unable to apply any optimizations to advised method: public codegym.c10.hotel.dto.EntityRevisionDTO codegym.c10.hotel.service.audit.AuditServiceImpl.getRevision(java.lang.Class,java.lang.Object,int)
2025-05-04 15:00:43 [main] TRACE o.s.aop.framework.CglibAopProxy - Found 'equals' method: public boolean java.lang.Object.equals(java.lang.Object)
2025-05-04 15:00:43 [main] TRACE o.s.aop.framework.CglibAopProxy - Unable to apply any optimizations to advised method: public java.lang.String java.lang.Object.toString()
2025-05-04 15:00:43 [main] TRACE o.s.aop.framework.CglibAopProxy - Found 'hashCode' method: public native int java.lang.Object.hashCode()
2025-05-04 15:00:43 [main] TRACE o.s.aop.framework.CglibAopProxy - Unable to apply any optimizations to advised method: protected native java.lang.Object java.lang.Object.clone() throws java.lang.CloneNotSupportedException
2025-05-04 15:00:43 [main] TRACE o.s.aop.framework.CglibAopProxy - Method is declared on Advised interface: public abstract int org.springframework.aop.framework.Advised.indexOf(org.springframework.aop.Advisor)
2025-05-04 15:00:43 [main] TRACE o.s.aop.framework.CglibAopProxy - Method is declared on Advised interface: public abstract int org.springframework.aop.framework.Advised.indexOf(org.aopalliance.aop.Advice)
2025-05-04 15:00:43 [main] TRACE o.s.aop.framework.CglibAopProxy - Method is declared on Advised interface: public abstract boolean org.springframework.aop.framework.Advised.isFrozen()
2025-05-04 15:00:43 [main] TRACE o.s.aop.framework.CglibAopProxy - Method is declared on Advised interface: public abstract org.springframework.aop.TargetSource org.springframework.aop.framework.Advised.getTargetSource()
2025-05-04 15:00:43 [main] TRACE o.s.aop.framework.CglibAopProxy - Method is declared on Advised interface: public abstract java.lang.Class[] org.springframework.aop.framework.Advised.getProxiedInterfaces()
2025-05-04 15:00:43 [main] TRACE o.s.aop.framework.CglibAopProxy - Method is declared on Advised interface: public abstract boolean org.springframework.aop.framework.Advised.isInterfaceProxied(java.lang.Class)
2025-05-04 15:00:43 [main] TRACE o.s.aop.framework.CglibAopProxy - Method is declared on Advised interface: public default int org.springframework.aop.framework.Advised.getAdvisorCount()
2025-05-04 15:00:43 [main] TRACE o.s.aop.framework.CglibAopProxy - Method is declared on Advised interface: public abstract org.springframework.aop.Advisor[] org.springframework.aop.framework.Advised.getAdvisors()
2025-05-04 15:00:43 [main] TRACE o.s.aop.framework.CglibAopProxy - Method is declared on Advised interface: public abstract boolean org.springframework.aop.framework.Advised.isProxyTargetClass()
2025-05-04 15:00:43 [main] TRACE o.s.aop.framework.CglibAopProxy - Method is declared on Advised interface: public abstract void org.springframework.aop.framework.Advised.setTargetSource(org.springframework.aop.TargetSource)
2025-05-04 15:00:43 [main] TRACE o.s.aop.framework.CglibAopProxy - Method is declared on Advised interface: public abstract void org.springframework.aop.framework.Advised.setExposeProxy(boolean)
2025-05-04 15:00:43 [main] TRACE o.s.aop.framework.CglibAopProxy - Method is declared on Advised interface: public abstract boolean org.springframework.aop.framework.Advised.isExposeProxy()
2025-05-04 15:00:43 [main] TRACE o.s.aop.framework.CglibAopProxy - Method is declared on Advised interface: public abstract void org.springframework.aop.framework.Advised.setPreFiltered(boolean)
2025-05-04 15:00:43 [main] TRACE o.s.aop.framework.CglibAopProxy - Method is declared on Advised interface: public abstract boolean org.springframework.aop.framework.Advised.isPreFiltered()
2025-05-04 15:00:43 [main] TRACE o.s.aop.framework.CglibAopProxy - Method is declared on Advised interface: public abstract void org.springframework.aop.framework.Advised.addAdvisor(org.springframework.aop.Advisor) throws org.springframework.aop.framework.AopConfigException
2025-05-04 15:00:43 [main] TRACE o.s.aop.framework.CglibAopProxy - Method is declared on Advised interface: public abstract void org.springframework.aop.framework.Advised.addAdvisor(int,org.springframework.aop.Advisor) throws org.springframework.aop.framework.AopConfigException
2025-05-04 15:00:43 [main] TRACE o.s.aop.framework.CglibAopProxy - Method is declared on Advised interface: public abstract boolean org.springframework.aop.framework.Advised.removeAdvisor(org.springframework.aop.Advisor)
2025-05-04 15:00:43 [main] TRACE o.s.aop.framework.CglibAopProxy - Method is declared on Advised interface: public abstract void org.springframework.aop.framework.Advised.removeAdvisor(int) throws org.springframework.aop.framework.AopConfigException
2025-05-04 15:00:43 [main] TRACE o.s.aop.framework.CglibAopProxy - Method is declared on Advised interface: public abstract boolean org.springframework.aop.framework.Advised.replaceAdvisor(org.springframework.aop.Advisor,org.springframework.aop.Advisor) throws org.springframework.aop.framework.AopConfigException
2025-05-04 15:00:43 [main] TRACE o.s.aop.framework.CglibAopProxy - Method is declared on Advised interface: public abstract void org.springframework.aop.framework.Advised.addAdvice(int,org.aopalliance.aop.Advice) throws org.springframework.aop.framework.AopConfigException
2025-05-04 15:00:43 [main] TRACE o.s.aop.framework.CglibAopProxy - Method is declared on Advised interface: public abstract void org.springframework.aop.framework.Advised.addAdvice(org.aopalliance.aop.Advice) throws org.springframework.aop.framework.AopConfigException
2025-05-04 15:00:43 [main] TRACE o.s.aop.framework.CglibAopProxy - Method is declared on Advised interface: public abstract boolean org.springframework.aop.framework.Advised.removeAdvice(org.aopalliance.aop.Advice)
2025-05-04 15:00:43 [main] TRACE o.s.aop.framework.CglibAopProxy - Method is declared on Advised interface: public abstract java.lang.String org.springframework.aop.framework.Advised.toProxyConfigString()
2025-05-04 15:00:43 [main] TRACE o.s.aop.framework.CglibAopProxy - Method is declared on Advised interface: public abstract java.lang.Class org.springframework.aop.TargetClassAware.getTargetClass()
2025-05-04 15:00:43 [main] TRACE o.s.a.a.a.AnnotationAwareAspectJAutoProxyCreator - Creating implicit proxy for bean 'auditController' with 0 common interceptors and 1 specific interceptors
2025-05-04 15:00:43 [main] TRACE o.s.aop.framework.CglibAopProxy - Creating CGLIB proxy: SingletonTargetSource for target object [codegym.c10.hotel.controller.AuditController@3ea3b20d]
2025-05-04 15:00:43 [main] TRACE o.s.aop.framework.CglibAopProxy - Unable to apply any optimizations to advised method: public org.springframework.http.ResponseEntity codegym.c10.hotel.controller.AuditController.getAuditedEntityTypes()
2025-05-04 15:00:43 [main] TRACE o.s.aop.framework.CglibAopProxy - Unable to apply any optimizations to advised method: public org.springframework.http.ResponseEntity codegym.c10.hotel.controller.AuditController.getEntityRevisions(java.lang.String,java.lang.Long)
2025-05-04 15:00:43 [main] TRACE o.s.aop.framework.CglibAopProxy - Unable to apply any optimizations to advised method: public org.springframework.http.ResponseEntity codegym.c10.hotel.controller.AuditController.getEntityRevision(java.lang.String,java.lang.Long,int)
2025-05-04 15:00:43 [main] TRACE o.s.aop.framework.CglibAopProxy - Found 'equals' method: public boolean java.lang.Object.equals(java.lang.Object)
2025-05-04 15:00:43 [main] TRACE o.s.aop.framework.CglibAopProxy - Unable to apply any optimizations to advised method: public java.lang.String java.lang.Object.toString()
2025-05-04 15:00:43 [main] TRACE o.s.aop.framework.CglibAopProxy - Found 'hashCode' method: public native int java.lang.Object.hashCode()
2025-05-04 15:00:43 [main] TRACE o.s.aop.framework.CglibAopProxy - Unable to apply any optimizations to advised method: protected native java.lang.Object java.lang.Object.clone() throws java.lang.CloneNotSupportedException
2025-05-04 15:00:43 [main] TRACE o.s.aop.framework.CglibAopProxy - Method is declared on Advised interface: public abstract int org.springframework.aop.framework.Advised.indexOf(org.springframework.aop.Advisor)
2025-05-04 15:00:43 [main] TRACE o.s.aop.framework.CglibAopProxy - Method is declared on Advised interface: public abstract int org.springframework.aop.framework.Advised.indexOf(org.aopalliance.aop.Advice)
2025-05-04 15:00:43 [main] TRACE o.s.aop.framework.CglibAopProxy - Method is declared on Advised interface: public abstract boolean org.springframework.aop.framework.Advised.isFrozen()
2025-05-04 15:00:43 [main] TRACE o.s.aop.framework.CglibAopProxy - Method is declared on Advised interface: public abstract org.springframework.aop.TargetSource org.springframework.aop.framework.Advised.getTargetSource()
2025-05-04 15:00:43 [main] TRACE o.s.aop.framework.CglibAopProxy - Method is declared on Advised interface: public abstract java.lang.Class[] org.springframework.aop.framework.Advised.getProxiedInterfaces()
2025-05-04 15:00:43 [main] TRACE o.s.aop.framework.CglibAopProxy - Method is declared on Advised interface: public abstract boolean org.springframework.aop.framework.Advised.isInterfaceProxied(java.lang.Class)
2025-05-04 15:00:43 [main] TRACE o.s.aop.framework.CglibAopProxy - Method is declared on Advised interface: public default int org.springframework.aop.framework.Advised.getAdvisorCount()
2025-05-04 15:00:43 [main] TRACE o.s.aop.framework.CglibAopProxy - Method is declared on Advised interface: public abstract org.springframework.aop.Advisor[] org.springframework.aop.framework.Advised.getAdvisors()
2025-05-04 15:00:43 [main] TRACE o.s.aop.framework.CglibAopProxy - Method is declared on Advised interface: public abstract boolean org.springframework.aop.framework.Advised.isProxyTargetClass()
2025-05-04 15:00:43 [main] TRACE o.s.aop.framework.CglibAopProxy - Method is declared on Advised interface: public abstract void org.springframework.aop.framework.Advised.setTargetSource(org.springframework.aop.TargetSource)
2025-05-04 15:00:43 [main] TRACE o.s.aop.framework.CglibAopProxy - Method is declared on Advised interface: public abstract void org.springframework.aop.framework.Advised.setExposeProxy(boolean)
2025-05-04 15:00:43 [main] TRACE o.s.aop.framework.CglibAopProxy - Method is declared on Advised interface: public abstract boolean org.springframework.aop.framework.Advised.isExposeProxy()
2025-05-04 15:00:43 [main] TRACE o.s.aop.framework.CglibAopProxy - Method is declared on Advised interface: public abstract void org.springframework.aop.framework.Advised.setPreFiltered(boolean)
2025-05-04 15:00:43 [main] TRACE o.s.aop.framework.CglibAopProxy - Method is declared on Advised interface: public abstract boolean org.springframework.aop.framework.Advised.isPreFiltered()
2025-05-04 15:00:43 [main] TRACE o.s.aop.framework.CglibAopProxy - Method is declared on Advised interface: public abstract void org.springframework.aop.framework.Advised.addAdvisor(org.springframework.aop.Advisor) throws org.springframework.aop.framework.AopConfigException
2025-05-04 15:00:43 [main] TRACE o.s.aop.framework.CglibAopProxy - Method is declared on Advised interface: public abstract void org.springframework.aop.framework.Advised.addAdvisor(int,org.springframework.aop.Advisor) throws org.springframework.aop.framework.AopConfigException
2025-05-04 15:00:43 [main] TRACE o.s.aop.framework.CglibAopProxy - Method is declared on Advised interface: public abstract boolean org.springframework.aop.framework.Advised.removeAdvisor(org.springframework.aop.Advisor)
2025-05-04 15:00:43 [main] TRACE o.s.aop.framework.CglibAopProxy - Method is declared on Advised interface: public abstract void org.springframework.aop.framework.Advised.removeAdvisor(int) throws org.springframework.aop.framework.AopConfigException
2025-05-04 15:00:43 [main] TRACE o.s.aop.framework.CglibAopProxy - Method is declared on Advised interface: public abstract boolean org.springframework.aop.framework.Advised.replaceAdvisor(org.springframework.aop.Advisor,org.springframework.aop.Advisor) throws org.springframework.aop.framework.AopConfigException
2025-05-04 15:00:43 [main] TRACE o.s.aop.framework.CglibAopProxy - Method is declared on Advised interface: public abstract void org.springframework.aop.framework.Advised.addAdvice(int,org.aopalliance.aop.Advice) throws org.springframework.aop.framework.AopConfigException
2025-05-04 15:00:43 [main] TRACE o.s.aop.framework.CglibAopProxy - Method is declared on Advised interface: public abstract void org.springframework.aop.framework.Advised.addAdvice(org.aopalliance.aop.Advice) throws org.springframework.aop.framework.AopConfigException
2025-05-04 15:00:43 [main] TRACE o.s.aop.framework.CglibAopProxy - Method is declared on Advised interface: public abstract boolean org.springframework.aop.framework.Advised.removeAdvice(org.aopalliance.aop.Advice)
2025-05-04 15:00:43 [main] TRACE o.s.aop.framework.CglibAopProxy - Method is declared on Advised interface: public abstract java.lang.String org.springframework.aop.framework.Advised.toProxyConfigString()
2025-05-04 15:00:43 [main] TRACE o.s.aop.framework.CglibAopProxy - Method is declared on Advised interface: public abstract java.lang.Class org.springframework.aop.TargetClassAware.getTargetClass()
2025-05-04 15:00:43 [main] TRACE o.s.aop.framework.JdkDynamicAopProxy - Creating JDK dynamic proxy: org.springframework.context.annotation.ContextAnnotationAutowireCandidateResolver$LazyDependencyTargetSource@323fa578
2025-05-04 15:00:43 [main] TRACE o.s.a.a.a.AnnotationAwareAspectJAutoProxyCreator - Creating implicit proxy for bean 'userService' with 0 common interceptors and 3 specific interceptors
2025-05-04 15:00:43 [main] TRACE o.s.aop.framework.CglibAopProxy - Creating CGLIB proxy: SingletonTargetSource for target object [codegym.c10.hotel.service.user.UserService@3118ed2c]
2025-05-04 15:00:43 [main] TRACE o.s.aop.framework.CglibAopProxy - Unable to apply any optimizations to advised method: public java.util.Optional codegym.c10.hotel.service.user.UserService.findById(java.lang.Long)
2025-05-04 15:00:43 [main] TRACE o.s.aop.framework.CglibAopProxy - Unable to apply any optimizations to advised method: public boolean codegym.c10.hotel.service.user.UserService.existsById(java.lang.Long)
2025-05-04 15:00:43 [main] TRACE o.s.aop.framework.CglibAopProxy - Unable to apply any optimizations to advised method: public void codegym.c10.hotel.service.user.UserService.remove(java.lang.Long)
2025-05-04 15:00:43 [main] TRACE o.s.aop.framework.CglibAopProxy - Unable to apply any optimizations to advised method: public codegym.c10.hotel.entity.User codegym.c10.hotel.service.user.UserService.update(codegym.c10.hotel.entity.User)
2025-05-04 15:00:43 [main] TRACE o.s.aop.framework.CglibAopProxy - Unable to apply any optimizations to advised method: public void codegym.c10.hotel.service.user.UserService.delete(codegym.c10.hotel.entity.User)
2025-05-04 15:00:43 [main] TRACE o.s.aop.framework.CglibAopProxy - Unable to apply any optimizations to advised method: public java.lang.Object codegym.c10.hotel.service.user.UserService.save(java.lang.Object)
2025-05-04 15:00:43 [main] TRACE o.s.aop.framework.CglibAopProxy - Unable to apply any optimizations to advised method: public codegym.c10.hotel.entity.User codegym.c10.hotel.service.user.UserService.save(codegym.c10.hotel.entity.User)
2025-05-04 15:00:43 [main] TRACE o.s.aop.framework.CglibAopProxy - Unable to apply any optimizations to advised method: public java.lang.Iterable codegym.c10.hotel.service.user.UserService.findAll()
2025-05-04 15:00:43 [main] TRACE o.s.aop.framework.CglibAopProxy - Unable to apply any optimizations to advised method: public java.util.List codegym.c10.hotel.service.user.UserService.findAll()
2025-05-04 15:00:43 [main] TRACE o.s.aop.framework.CglibAopProxy - Unable to apply any optimizations to advised method: public org.springframework.security.core.userdetails.UserDetails codegym.c10.hotel.service.user.UserService.loadUserByUsername(java.lang.String) throws org.springframework.security.core.userdetails.UsernameNotFoundException
2025-05-04 15:00:43 [main] TRACE o.s.aop.framework.CglibAopProxy - Unable to apply any optimizations to advised method: public codegym.c10.hotel.entity.User codegym.c10.hotel.service.user.UserService.findByUsername(java.lang.String)
2025-05-04 15:00:43 [main] TRACE o.s.aop.framework.CglibAopProxy - Unable to apply any optimizations to advised method: public codegym.c10.hotel.dto.ApiResponse codegym.c10.hotel.service.user.UserService.loginUser(codegym.c10.hotel.dto.auth.LoginRequest)
2025-05-04 15:00:43 [main] TRACE o.s.aop.framework.CglibAopProxy - Unable to apply any optimizations to advised method: public codegym.c10.hotel.dto.ApiResponse codegym.c10.hotel.service.user.UserService.registerUser(codegym.c10.hotel.dto.auth.SignupRequest)
2025-05-04 15:00:43 [main] TRACE o.s.aop.framework.CglibAopProxy - Unable to apply any optimizations to advised method: public codegym.c10.hotel.dto.ApiResponse codegym.c10.hotel.service.user.UserService.logoutUser()
2025-05-04 15:00:43 [main] TRACE o.s.aop.framework.CglibAopProxy - Unable to apply any optimizations to advised method: public codegym.c10.hotel.dto.ApiResponse codegym.c10.hotel.service.user.UserService.changePassword(java.lang.String,java.lang.String,java.lang.String)
2025-05-04 15:00:43 [main] TRACE o.s.aop.framework.CglibAopProxy - Unable to apply any optimizations to advised method: public codegym.c10.hotel.entity.User codegym.c10.hotel.service.user.UserService.getUser(java.lang.String)
2025-05-04 15:00:43 [main] TRACE o.s.aop.framework.CglibAopProxy - Found 'equals' method: public boolean java.lang.Object.equals(java.lang.Object)
2025-05-04 15:00:43 [main] TRACE o.s.aop.framework.CglibAopProxy - Unable to apply any optimizations to advised method: public java.lang.String java.lang.Object.toString()
2025-05-04 15:00:43 [main] TRACE o.s.aop.framework.CglibAopProxy - Found 'hashCode' method: public native int java.lang.Object.hashCode()
2025-05-04 15:00:43 [main] TRACE o.s.aop.framework.CglibAopProxy - Unable to apply any optimizations to advised method: protected native java.lang.Object java.lang.Object.clone() throws java.lang.CloneNotSupportedException
2025-05-04 15:00:43 [main] TRACE o.s.aop.framework.CglibAopProxy - Method is declared on Advised interface: public abstract int org.springframework.aop.framework.Advised.indexOf(org.springframework.aop.Advisor)
2025-05-04 15:00:43 [main] TRACE o.s.aop.framework.CglibAopProxy - Method is declared on Advised interface: public abstract int org.springframework.aop.framework.Advised.indexOf(org.aopalliance.aop.Advice)
2025-05-04 15:00:43 [main] TRACE o.s.aop.framework.CglibAopProxy - Method is declared on Advised interface: public abstract boolean org.springframework.aop.framework.Advised.isFrozen()
2025-05-04 15:00:43 [main] TRACE o.s.aop.framework.CglibAopProxy - Method is declared on Advised interface: public abstract org.springframework.aop.TargetSource org.springframework.aop.framework.Advised.getTargetSource()
2025-05-04 15:00:43 [main] TRACE o.s.aop.framework.CglibAopProxy - Method is declared on Advised interface: public abstract java.lang.Class[] org.springframework.aop.framework.Advised.getProxiedInterfaces()
2025-05-04 15:00:43 [main] TRACE o.s.aop.framework.CglibAopProxy - Method is declared on Advised interface: public abstract boolean org.springframework.aop.framework.Advised.isInterfaceProxied(java.lang.Class)
2025-05-04 15:00:43 [main] TRACE o.s.aop.framework.CglibAopProxy - Method is declared on Advised interface: public default int org.springframework.aop.framework.Advised.getAdvisorCount()
2025-05-04 15:00:43 [main] TRACE o.s.aop.framework.CglibAopProxy - Method is declared on Advised interface: public abstract org.springframework.aop.Advisor[] org.springframework.aop.framework.Advised.getAdvisors()
2025-05-04 15:00:43 [main] TRACE o.s.aop.framework.CglibAopProxy - Method is declared on Advised interface: public abstract boolean org.springframework.aop.framework.Advised.isProxyTargetClass()
2025-05-04 15:00:43 [main] TRACE o.s.aop.framework.CglibAopProxy - Method is declared on Advised interface: public abstract void org.springframework.aop.framework.Advised.setTargetSource(org.springframework.aop.TargetSource)
2025-05-04 15:00:43 [main] TRACE o.s.aop.framework.CglibAopProxy - Method is declared on Advised interface: public abstract void org.springframework.aop.framework.Advised.setExposeProxy(boolean)
2025-05-04 15:00:43 [main] TRACE o.s.aop.framework.CglibAopProxy - Method is declared on Advised interface: public abstract boolean org.springframework.aop.framework.Advised.isExposeProxy()
2025-05-04 15:00:43 [main] TRACE o.s.aop.framework.CglibAopProxy - Method is declared on Advised interface: public abstract void org.springframework.aop.framework.Advised.setPreFiltered(boolean)
2025-05-04 15:00:43 [main] TRACE o.s.aop.framework.CglibAopProxy - Method is declared on Advised interface: public abstract boolean org.springframework.aop.framework.Advised.isPreFiltered()
2025-05-04 15:00:43 [main] TRACE o.s.aop.framework.CglibAopProxy - Method is declared on Advised interface: public abstract void org.springframework.aop.framework.Advised.addAdvisor(org.springframework.aop.Advisor) throws org.springframework.aop.framework.AopConfigException
2025-05-04 15:00:43 [main] TRACE o.s.aop.framework.CglibAopProxy - Method is declared on Advised interface: public abstract void org.springframework.aop.framework.Advised.addAdvisor(int,org.springframework.aop.Advisor) throws org.springframework.aop.framework.AopConfigException
2025-05-04 15:00:43 [main] TRACE o.s.aop.framework.CglibAopProxy - Method is declared on Advised interface: public abstract boolean org.springframework.aop.framework.Advised.removeAdvisor(org.springframework.aop.Advisor)
2025-05-04 15:00:43 [main] TRACE o.s.aop.framework.CglibAopProxy - Method is declared on Advised interface: public abstract void org.springframework.aop.framework.Advised.removeAdvisor(int) throws org.springframework.aop.framework.AopConfigException
2025-05-04 15:00:43 [main] TRACE o.s.aop.framework.CglibAopProxy - Method is declared on Advised interface: public abstract boolean org.springframework.aop.framework.Advised.replaceAdvisor(org.springframework.aop.Advisor,org.springframework.aop.Advisor) throws org.springframework.aop.framework.AopConfigException
2025-05-04 15:00:43 [main] TRACE o.s.aop.framework.CglibAopProxy - Method is declared on Advised interface: public abstract void org.springframework.aop.framework.Advised.addAdvice(int,org.aopalliance.aop.Advice) throws org.springframework.aop.framework.AopConfigException
2025-05-04 15:00:43 [main] TRACE o.s.aop.framework.CglibAopProxy - Method is declared on Advised interface: public abstract void org.springframework.aop.framework.Advised.addAdvice(org.aopalliance.aop.Advice) throws org.springframework.aop.framework.AopConfigException
2025-05-04 15:00:43 [main] TRACE o.s.aop.framework.CglibAopProxy - Method is declared on Advised interface: public abstract boolean org.springframework.aop.framework.Advised.removeAdvice(org.aopalliance.aop.Advice)
2025-05-04 15:00:43 [main] TRACE o.s.aop.framework.CglibAopProxy - Method is declared on Advised interface: public abstract java.lang.String org.springframework.aop.framework.Advised.toProxyConfigString()
2025-05-04 15:00:43 [main] TRACE o.s.aop.framework.CglibAopProxy - Method is declared on Advised interface: public abstract java.lang.Class org.springframework.aop.TargetClassAware.getTargetClass()
2025-05-04 15:00:43 [main] TRACE o.s.a.a.a.AnnotationAwareAspectJAutoProxyCreator - Creating implicit proxy for bean 'authController' with 0 common interceptors and 1 specific interceptors
2025-05-04 15:00:43 [main] TRACE o.s.aop.framework.CglibAopProxy - Creating CGLIB proxy: SingletonTargetSource for target object [codegym.c10.hotel.controller.AuthController@3aaeb65b]
2025-05-04 15:00:43 [main] TRACE o.s.aop.framework.CglibAopProxy - Unable to apply any optimizations to advised method: public org.springframework.http.ResponseEntity codegym.c10.hotel.controller.AuthController.logout()
2025-05-04 15:00:43 [main] TRACE o.s.aop.framework.CglibAopProxy - Unable to apply any optimizations to advised method: public org.springframework.http.ResponseEntity codegym.c10.hotel.controller.AuthController.registerUser(codegym.c10.hotel.dto.auth.SignupRequest)
2025-05-04 15:00:43 [main] TRACE o.s.aop.framework.CglibAopProxy - Unable to apply any optimizations to advised method: public org.springframework.http.ResponseEntity codegym.c10.hotel.controller.AuthController.changePassword(codegym.c10.hotel.dto.auth.ChangePassDto)
2025-05-04 15:00:43 [main] TRACE o.s.aop.framework.CglibAopProxy - Unable to apply any optimizations to advised method: public org.springframework.http.ResponseEntity codegym.c10.hotel.controller.AuthController.authenticateUser(codegym.c10.hotel.dto.auth.LoginRequest)
2025-05-04 15:00:43 [main] TRACE o.s.aop.framework.CglibAopProxy - Unable to apply any optimizations to advised method: public org.springframework.http.ResponseEntity codegym.c10.hotel.controller.AuthController.getCurrentUserPermissions()
2025-05-04 15:00:43 [main] TRACE o.s.aop.framework.CglibAopProxy - Found 'equals' method: public boolean java.lang.Object.equals(java.lang.Object)
2025-05-04 15:00:43 [main] TRACE o.s.aop.framework.CglibAopProxy - Unable to apply any optimizations to advised method: public java.lang.String java.lang.Object.toString()
2025-05-04 15:00:43 [main] TRACE o.s.aop.framework.CglibAopProxy - Found 'hashCode' method: public native int java.lang.Object.hashCode()
2025-05-04 15:00:43 [main] TRACE o.s.aop.framework.CglibAopProxy - Unable to apply any optimizations to advised method: protected native java.lang.Object java.lang.Object.clone() throws java.lang.CloneNotSupportedException
2025-05-04 15:00:43 [main] TRACE o.s.aop.framework.CglibAopProxy - Method is declared on Advised interface: public abstract int org.springframework.aop.framework.Advised.indexOf(org.springframework.aop.Advisor)
2025-05-04 15:00:43 [main] TRACE o.s.aop.framework.CglibAopProxy - Method is declared on Advised interface: public abstract int org.springframework.aop.framework.Advised.indexOf(org.aopalliance.aop.Advice)
2025-05-04 15:00:43 [main] TRACE o.s.aop.framework.CglibAopProxy - Method is declared on Advised interface: public abstract boolean org.springframework.aop.framework.Advised.isFrozen()
2025-05-04 15:00:43 [main] TRACE o.s.aop.framework.CglibAopProxy - Method is declared on Advised interface: public abstract org.springframework.aop.TargetSource org.springframework.aop.framework.Advised.getTargetSource()
2025-05-04 15:00:43 [main] TRACE o.s.aop.framework.CglibAopProxy - Method is declared on Advised interface: public abstract java.lang.Class[] org.springframework.aop.framework.Advised.getProxiedInterfaces()
2025-05-04 15:00:43 [main] TRACE o.s.aop.framework.CglibAopProxy - Method is declared on Advised interface: public abstract boolean org.springframework.aop.framework.Advised.isInterfaceProxied(java.lang.Class)
2025-05-04 15:00:43 [main] TRACE o.s.aop.framework.CglibAopProxy - Method is declared on Advised interface: public default int org.springframework.aop.framework.Advised.getAdvisorCount()
2025-05-04 15:00:43 [main] TRACE o.s.aop.framework.CglibAopProxy - Method is declared on Advised interface: public abstract org.springframework.aop.Advisor[] org.springframework.aop.framework.Advised.getAdvisors()
2025-05-04 15:00:43 [main] TRACE o.s.aop.framework.CglibAopProxy - Method is declared on Advised interface: public abstract boolean org.springframework.aop.framework.Advised.isProxyTargetClass()
2025-05-04 15:00:43 [main] TRACE o.s.aop.framework.CglibAopProxy - Method is declared on Advised interface: public abstract void org.springframework.aop.framework.Advised.setTargetSource(org.springframework.aop.TargetSource)
2025-05-04 15:00:43 [main] TRACE o.s.aop.framework.CglibAopProxy - Method is declared on Advised interface: public abstract void org.springframework.aop.framework.Advised.setExposeProxy(boolean)
2025-05-04 15:00:43 [main] TRACE o.s.aop.framework.CglibAopProxy - Method is declared on Advised interface: public abstract boolean org.springframework.aop.framework.Advised.isExposeProxy()
2025-05-04 15:00:43 [main] TRACE o.s.aop.framework.CglibAopProxy - Method is declared on Advised interface: public abstract void org.springframework.aop.framework.Advised.setPreFiltered(boolean)
2025-05-04 15:00:43 [main] TRACE o.s.aop.framework.CglibAopProxy - Method is declared on Advised interface: public abstract boolean org.springframework.aop.framework.Advised.isPreFiltered()
2025-05-04 15:00:43 [main] TRACE o.s.aop.framework.CglibAopProxy - Method is declared on Advised interface: public abstract void org.springframework.aop.framework.Advised.addAdvisor(org.springframework.aop.Advisor) throws org.springframework.aop.framework.AopConfigException
2025-05-04 15:00:43 [main] TRACE o.s.aop.framework.CglibAopProxy - Method is declared on Advised interface: public abstract void org.springframework.aop.framework.Advised.addAdvisor(int,org.springframework.aop.Advisor) throws org.springframework.aop.framework.AopConfigException
2025-05-04 15:00:43 [main] TRACE o.s.aop.framework.CglibAopProxy - Method is declared on Advised interface: public abstract boolean org.springframework.aop.framework.Advised.removeAdvisor(org.springframework.aop.Advisor)
2025-05-04 15:00:43 [main] TRACE o.s.aop.framework.CglibAopProxy - Method is declared on Advised interface: public abstract void org.springframework.aop.framework.Advised.removeAdvisor(int) throws org.springframework.aop.framework.AopConfigException
2025-05-04 15:00:43 [main] TRACE o.s.aop.framework.CglibAopProxy - Method is declared on Advised interface: public abstract boolean org.springframework.aop.framework.Advised.replaceAdvisor(org.springframework.aop.Advisor,org.springframework.aop.Advisor) throws org.springframework.aop.framework.AopConfigException
2025-05-04 15:00:43 [main] TRACE o.s.aop.framework.CglibAopProxy - Method is declared on Advised interface: public abstract void org.springframework.aop.framework.Advised.addAdvice(int,org.aopalliance.aop.Advice) throws org.springframework.aop.framework.AopConfigException
2025-05-04 15:00:43 [main] TRACE o.s.aop.framework.CglibAopProxy - Method is declared on Advised interface: public abstract void org.springframework.aop.framework.Advised.addAdvice(org.aopalliance.aop.Advice) throws org.springframework.aop.framework.AopConfigException
2025-05-04 15:00:43 [main] TRACE o.s.aop.framework.CglibAopProxy - Method is declared on Advised interface: public abstract boolean org.springframework.aop.framework.Advised.removeAdvice(org.aopalliance.aop.Advice)
2025-05-04 15:00:43 [main] TRACE o.s.aop.framework.CglibAopProxy - Method is declared on Advised interface: public abstract java.lang.String org.springframework.aop.framework.Advised.toProxyConfigString()
2025-05-04 15:00:43 [main] TRACE o.s.aop.framework.CglibAopProxy - Method is declared on Advised interface: public abstract java.lang.Class org.springframework.aop.TargetClassAware.getTargetClass()
2025-05-04 15:00:43 [main] TRACE o.s.aop.framework.JdkDynamicAopProxy - Creating JDK dynamic proxy: org.springframework.data.jpa.repository.support.CrudMethodMetadataPostProcessor$ThreadBoundTargetSource@251d64d6
2025-05-04 15:00:43 [main] INFO  o.s.d.j.r.query.QueryEnhancerFactory - Hibernate is in classpath; If applicable, HQL parser will be used.
2025-05-04 15:00:44 [main] TRACE o.s.aop.framework.JdkDynamicAopProxy - Creating JDK dynamic proxy: SingletonTargetSource for target object [org.springframework.data.jpa.repository.support.SimpleJpaRepository@4ba5272e]
2025-05-04 15:00:44 [main] TRACE o.s.aop.framework.JdkDynamicAopProxy - Creating JDK dynamic proxy: org.springframework.data.jpa.repository.support.CrudMethodMetadataPostProcessor$ThreadBoundTargetSource@3be76b8d
2025-05-04 15:00:44 [main] TRACE o.s.aop.framework.JdkDynamicAopProxy - Creating JDK dynamic proxy: SingletonTargetSource for target object [org.springframework.data.jpa.repository.support.SimpleJpaRepository@17abb5bb]
2025-05-04 15:00:44 [main] TRACE o.s.a.a.a.AnnotationAwareAspectJAutoProxyCreator - Creating implicit proxy for bean 'roomService' with 0 common interceptors and 3 specific interceptors
2025-05-04 15:00:44 [main] TRACE o.s.aop.framework.CglibAopProxy - Creating CGLIB proxy: SingletonTargetSource for target object [codegym.c10.hotel.service.impl.RoomService@4d3d33b6]
2025-05-04 15:00:44 [main] TRACE o.s.aop.framework.CglibAopProxy - Unable to apply any optimizations to advised method: public java.util.Optional codegym.c10.hotel.service.impl.RoomService.findById(java.lang.Long)
2025-05-04 15:00:44 [main] TRACE o.s.aop.framework.CglibAopProxy - Unable to apply any optimizations to advised method: public java.util.Optional codegym.c10.hotel.service.impl.RoomService.findByIdAndStatusAndIsCleanTrueAndDeletedFalse(java.lang.Long)
2025-05-04 15:00:44 [main] TRACE o.s.aop.framework.CglibAopProxy - Unable to apply any optimizations to advised method: public void codegym.c10.hotel.service.impl.RoomService.remove(java.lang.Long)
2025-05-04 15:00:44 [main] TRACE o.s.aop.framework.CglibAopProxy - Unable to apply any optimizations to advised method: public codegym.c10.hotel.entity.Room codegym.c10.hotel.service.impl.RoomService.update(codegym.c10.hotel.entity.Room)
2025-05-04 15:00:44 [main] TRACE o.s.aop.framework.CglibAopProxy - Unable to apply any optimizations to advised method: public codegym.c10.hotel.entity.Room codegym.c10.hotel.service.impl.RoomService.save(codegym.c10.hotel.entity.Room)
2025-05-04 15:00:44 [main] TRACE o.s.aop.framework.CglibAopProxy - Unable to apply any optimizations to advised method: public java.lang.Object codegym.c10.hotel.service.impl.RoomService.save(java.lang.Object)
2025-05-04 15:00:44 [main] TRACE o.s.aop.framework.CglibAopProxy - Unable to apply any optimizations to advised method: public java.lang.Iterable codegym.c10.hotel.service.impl.RoomService.findAll()
2025-05-04 15:00:44 [main] TRACE o.s.aop.framework.CglibAopProxy - Unable to apply any optimizations to advised method: public org.springframework.data.domain.Page codegym.c10.hotel.service.impl.RoomService.findAllByDeletedFalse(org.springframework.data.domain.Pageable)
2025-05-04 15:00:44 [main] TRACE o.s.aop.framework.CglibAopProxy - Unable to apply any optimizations to advised method: public org.springframework.data.domain.Page codegym.c10.hotel.service.impl.RoomService.advancedSearch(java.lang.String,codegym.c10.hotel.eNum.RoomStatus,java.lang.Integer,org.springframework.data.domain.Pageable)
2025-05-04 15:00:44 [main] TRACE o.s.aop.framework.CglibAopProxy - Unable to apply any optimizations to advised method: public codegym.c10.hotel.entity.Room codegym.c10.hotel.service.impl.RoomService.updateRoomStatus(java.lang.Long,codegym.c10.hotel.eNum.RoomStatus)
2025-05-04 15:00:44 [main] TRACE o.s.aop.framework.CglibAopProxy - Unable to apply any optimizations to advised method: public codegym.c10.hotel.entity.Room codegym.c10.hotel.service.impl.RoomService.updateRoomCleaningStatus(java.lang.Long)
2025-05-04 15:00:44 [main] TRACE o.s.aop.framework.CglibAopProxy - Found 'equals' method: public boolean java.lang.Object.equals(java.lang.Object)
2025-05-04 15:00:44 [main] TRACE o.s.aop.framework.CglibAopProxy - Unable to apply any optimizations to advised method: public java.lang.String java.lang.Object.toString()
2025-05-04 15:00:44 [main] TRACE o.s.aop.framework.CglibAopProxy - Found 'hashCode' method: public native int java.lang.Object.hashCode()
2025-05-04 15:00:44 [main] TRACE o.s.aop.framework.CglibAopProxy - Unable to apply any optimizations to advised method: protected native java.lang.Object java.lang.Object.clone() throws java.lang.CloneNotSupportedException
2025-05-04 15:00:44 [main] TRACE o.s.aop.framework.CglibAopProxy - Method is declared on Advised interface: public abstract int org.springframework.aop.framework.Advised.indexOf(org.springframework.aop.Advisor)
2025-05-04 15:00:44 [main] TRACE o.s.aop.framework.CglibAopProxy - Method is declared on Advised interface: public abstract int org.springframework.aop.framework.Advised.indexOf(org.aopalliance.aop.Advice)
2025-05-04 15:00:44 [main] TRACE o.s.aop.framework.CglibAopProxy - Method is declared on Advised interface: public abstract boolean org.springframework.aop.framework.Advised.isFrozen()
2025-05-04 15:00:44 [main] TRACE o.s.aop.framework.CglibAopProxy - Method is declared on Advised interface: public abstract org.springframework.aop.TargetSource org.springframework.aop.framework.Advised.getTargetSource()
2025-05-04 15:00:44 [main] TRACE o.s.aop.framework.CglibAopProxy - Method is declared on Advised interface: public abstract java.lang.Class[] org.springframework.aop.framework.Advised.getProxiedInterfaces()
2025-05-04 15:00:44 [main] TRACE o.s.aop.framework.CglibAopProxy - Method is declared on Advised interface: public abstract boolean org.springframework.aop.framework.Advised.isInterfaceProxied(java.lang.Class)
2025-05-04 15:00:44 [main] TRACE o.s.aop.framework.CglibAopProxy - Method is declared on Advised interface: public default int org.springframework.aop.framework.Advised.getAdvisorCount()
2025-05-04 15:00:44 [main] TRACE o.s.aop.framework.CglibAopProxy - Method is declared on Advised interface: public abstract org.springframework.aop.Advisor[] org.springframework.aop.framework.Advised.getAdvisors()
2025-05-04 15:00:44 [main] TRACE o.s.aop.framework.CglibAopProxy - Method is declared on Advised interface: public abstract boolean org.springframework.aop.framework.Advised.isProxyTargetClass()
2025-05-04 15:00:44 [main] TRACE o.s.aop.framework.CglibAopProxy - Method is declared on Advised interface: public abstract void org.springframework.aop.framework.Advised.setTargetSource(org.springframework.aop.TargetSource)
2025-05-04 15:00:44 [main] TRACE o.s.aop.framework.CglibAopProxy - Method is declared on Advised interface: public abstract void org.springframework.aop.framework.Advised.setExposeProxy(boolean)
2025-05-04 15:00:44 [main] TRACE o.s.aop.framework.CglibAopProxy - Method is declared on Advised interface: public abstract boolean org.springframework.aop.framework.Advised.isExposeProxy()
2025-05-04 15:00:44 [main] TRACE o.s.aop.framework.CglibAopProxy - Method is declared on Advised interface: public abstract void org.springframework.aop.framework.Advised.setPreFiltered(boolean)
2025-05-04 15:00:44 [main] TRACE o.s.aop.framework.CglibAopProxy - Method is declared on Advised interface: public abstract boolean org.springframework.aop.framework.Advised.isPreFiltered()
2025-05-04 15:00:44 [main] TRACE o.s.aop.framework.CglibAopProxy - Method is declared on Advised interface: public abstract void org.springframework.aop.framework.Advised.addAdvisor(org.springframework.aop.Advisor) throws org.springframework.aop.framework.AopConfigException
2025-05-04 15:00:44 [main] TRACE o.s.aop.framework.CglibAopProxy - Method is declared on Advised interface: public abstract void org.springframework.aop.framework.Advised.addAdvisor(int,org.springframework.aop.Advisor) throws org.springframework.aop.framework.AopConfigException
2025-05-04 15:00:44 [main] TRACE o.s.aop.framework.CglibAopProxy - Method is declared on Advised interface: public abstract boolean org.springframework.aop.framework.Advised.removeAdvisor(org.springframework.aop.Advisor)
2025-05-04 15:00:44 [main] TRACE o.s.aop.framework.CglibAopProxy - Method is declared on Advised interface: public abstract void org.springframework.aop.framework.Advised.removeAdvisor(int) throws org.springframework.aop.framework.AopConfigException
2025-05-04 15:00:44 [main] TRACE o.s.aop.framework.CglibAopProxy - Method is declared on Advised interface: public abstract boolean org.springframework.aop.framework.Advised.replaceAdvisor(org.springframework.aop.Advisor,org.springframework.aop.Advisor) throws org.springframework.aop.framework.AopConfigException
2025-05-04 15:00:44 [main] TRACE o.s.aop.framework.CglibAopProxy - Method is declared on Advised interface: public abstract void org.springframework.aop.framework.Advised.addAdvice(int,org.aopalliance.aop.Advice) throws org.springframework.aop.framework.AopConfigException
2025-05-04 15:00:44 [main] TRACE o.s.aop.framework.CglibAopProxy - Method is declared on Advised interface: public abstract void org.springframework.aop.framework.Advised.addAdvice(org.aopalliance.aop.Advice) throws org.springframework.aop.framework.AopConfigException
2025-05-04 15:00:44 [main] TRACE o.s.aop.framework.CglibAopProxy - Method is declared on Advised interface: public abstract boolean org.springframework.aop.framework.Advised.removeAdvice(org.aopalliance.aop.Advice)
2025-05-04 15:00:44 [main] TRACE o.s.aop.framework.CglibAopProxy - Method is declared on Advised interface: public abstract java.lang.String org.springframework.aop.framework.Advised.toProxyConfigString()
2025-05-04 15:00:44 [main] TRACE o.s.aop.framework.CglibAopProxy - Method is declared on Advised interface: public abstract java.lang.Class org.springframework.aop.TargetClassAware.getTargetClass()
2025-05-04 15:00:44 [main] TRACE o.s.aop.framework.JdkDynamicAopProxy - Creating JDK dynamic proxy: org.springframework.data.jpa.repository.support.CrudMethodMetadataPostProcessor$ThreadBoundTargetSource@2886f5f3
2025-05-04 15:00:44 [main] TRACE o.s.aop.framework.JdkDynamicAopProxy - Creating JDK dynamic proxy: SingletonTargetSource for target object [org.springframework.data.jpa.repository.support.SimpleJpaRepository@2d21dca2]
2025-05-04 15:00:44 [main] TRACE o.s.a.a.a.AnnotationAwareAspectJAutoProxyCreator - Creating implicit proxy for bean 'customerServiceImpl' with 0 common interceptors and 2 specific interceptors
2025-05-04 15:00:44 [main] TRACE o.s.aop.framework.CglibAopProxy - Creating CGLIB proxy: SingletonTargetSource for target object [codegym.c10.hotel.service.customer.CustomerServiceImpl@227d25d6]
2025-05-04 15:00:44 [main] TRACE o.s.aop.framework.CglibAopProxy - Unable to apply any optimizations to advised method: public java.util.Optional codegym.c10.hotel.service.customer.CustomerServiceImpl.findById(java.lang.Long)
2025-05-04 15:00:44 [main] TRACE o.s.aop.framework.CglibAopProxy - Unable to apply any optimizations to advised method: public void codegym.c10.hotel.service.customer.CustomerServiceImpl.remove(java.lang.Long)
2025-05-04 15:00:44 [main] TRACE o.s.aop.framework.CglibAopProxy - Unable to apply any optimizations to advised method: public java.lang.Object codegym.c10.hotel.service.customer.CustomerServiceImpl.save(java.lang.Object)
2025-05-04 15:00:44 [main] TRACE o.s.aop.framework.CglibAopProxy - Unable to apply any optimizations to advised method: public codegym.c10.hotel.entity.Customer codegym.c10.hotel.service.customer.CustomerServiceImpl.save(codegym.c10.hotel.entity.Customer)
2025-05-04 15:00:44 [main] TRACE o.s.aop.framework.CglibAopProxy - Unable to apply any optimizations to advised method: public java.lang.Iterable codegym.c10.hotel.service.customer.CustomerServiceImpl.findAll()
2025-05-04 15:00:44 [main] TRACE o.s.aop.framework.CglibAopProxy - Unable to apply any optimizations to advised method: public org.springframework.data.domain.Page codegym.c10.hotel.service.customer.CustomerServiceImpl.findAllByDeletedFalse(org.springframework.data.domain.Pageable)
2025-05-04 15:00:44 [main] TRACE o.s.aop.framework.CglibAopProxy - Unable to apply any optimizations to advised method: public java.util.Optional codegym.c10.hotel.service.customer.CustomerServiceImpl.findByIdAndDeletedFalse(java.lang.Long)
2025-05-04 15:00:44 [main] TRACE o.s.aop.framework.CglibAopProxy - Unable to apply any optimizations to advised method: public codegym.c10.hotel.entity.Customer codegym.c10.hotel.service.customer.CustomerServiceImpl.updateCustomer(java.lang.Long,codegym.c10.hotel.entity.Customer)
2025-05-04 15:00:44 [main] TRACE o.s.aop.framework.CglibAopProxy - Found 'equals' method: public boolean java.lang.Object.equals(java.lang.Object)
2025-05-04 15:00:44 [main] TRACE o.s.aop.framework.CglibAopProxy - Unable to apply any optimizations to advised method: public java.lang.String java.lang.Object.toString()
2025-05-04 15:00:44 [main] TRACE o.s.aop.framework.CglibAopProxy - Found 'hashCode' method: public native int java.lang.Object.hashCode()
2025-05-04 15:00:44 [main] TRACE o.s.aop.framework.CglibAopProxy - Unable to apply any optimizations to advised method: protected native java.lang.Object java.lang.Object.clone() throws java.lang.CloneNotSupportedException
2025-05-04 15:00:44 [main] TRACE o.s.aop.framework.CglibAopProxy - Method is declared on Advised interface: public abstract int org.springframework.aop.framework.Advised.indexOf(org.springframework.aop.Advisor)
2025-05-04 15:00:44 [main] TRACE o.s.aop.framework.CglibAopProxy - Method is declared on Advised interface: public abstract int org.springframework.aop.framework.Advised.indexOf(org.aopalliance.aop.Advice)
2025-05-04 15:00:44 [main] TRACE o.s.aop.framework.CglibAopProxy - Method is declared on Advised interface: public abstract boolean org.springframework.aop.framework.Advised.isFrozen()
2025-05-04 15:00:44 [main] TRACE o.s.aop.framework.CglibAopProxy - Method is declared on Advised interface: public abstract org.springframework.aop.TargetSource org.springframework.aop.framework.Advised.getTargetSource()
2025-05-04 15:00:44 [main] TRACE o.s.aop.framework.CglibAopProxy - Method is declared on Advised interface: public abstract java.lang.Class[] org.springframework.aop.framework.Advised.getProxiedInterfaces()
2025-05-04 15:00:44 [main] TRACE o.s.aop.framework.CglibAopProxy - Method is declared on Advised interface: public abstract boolean org.springframework.aop.framework.Advised.isInterfaceProxied(java.lang.Class)
2025-05-04 15:00:44 [main] TRACE o.s.aop.framework.CglibAopProxy - Method is declared on Advised interface: public default int org.springframework.aop.framework.Advised.getAdvisorCount()
2025-05-04 15:00:44 [main] TRACE o.s.aop.framework.CglibAopProxy - Method is declared on Advised interface: public abstract org.springframework.aop.Advisor[] org.springframework.aop.framework.Advised.getAdvisors()
2025-05-04 15:00:44 [main] TRACE o.s.aop.framework.CglibAopProxy - Method is declared on Advised interface: public abstract boolean org.springframework.aop.framework.Advised.isProxyTargetClass()
2025-05-04 15:00:44 [main] TRACE o.s.aop.framework.CglibAopProxy - Method is declared on Advised interface: public abstract void org.springframework.aop.framework.Advised.setTargetSource(org.springframework.aop.TargetSource)
2025-05-04 15:00:44 [main] TRACE o.s.aop.framework.CglibAopProxy - Method is declared on Advised interface: public abstract void org.springframework.aop.framework.Advised.setExposeProxy(boolean)
2025-05-04 15:00:44 [main] TRACE o.s.aop.framework.CglibAopProxy - Method is declared on Advised interface: public abstract boolean org.springframework.aop.framework.Advised.isExposeProxy()
2025-05-04 15:00:44 [main] TRACE o.s.aop.framework.CglibAopProxy - Method is declared on Advised interface: public abstract void org.springframework.aop.framework.Advised.setPreFiltered(boolean)
2025-05-04 15:00:44 [main] TRACE o.s.aop.framework.CglibAopProxy - Method is declared on Advised interface: public abstract boolean org.springframework.aop.framework.Advised.isPreFiltered()
2025-05-04 15:00:44 [main] TRACE o.s.aop.framework.CglibAopProxy - Method is declared on Advised interface: public abstract void org.springframework.aop.framework.Advised.addAdvisor(org.springframework.aop.Advisor) throws org.springframework.aop.framework.AopConfigException
2025-05-04 15:00:44 [main] TRACE o.s.aop.framework.CglibAopProxy - Method is declared on Advised interface: public abstract void org.springframework.aop.framework.Advised.addAdvisor(int,org.springframework.aop.Advisor) throws org.springframework.aop.framework.AopConfigException
2025-05-04 15:00:44 [main] TRACE o.s.aop.framework.CglibAopProxy - Method is declared on Advised interface: public abstract boolean org.springframework.aop.framework.Advised.removeAdvisor(org.springframework.aop.Advisor)
2025-05-04 15:00:44 [main] TRACE o.s.aop.framework.CglibAopProxy - Method is declared on Advised interface: public abstract void org.springframework.aop.framework.Advised.removeAdvisor(int) throws org.springframework.aop.framework.AopConfigException
2025-05-04 15:00:44 [main] TRACE o.s.aop.framework.CglibAopProxy - Method is declared on Advised interface: public abstract boolean org.springframework.aop.framework.Advised.replaceAdvisor(org.springframework.aop.Advisor,org.springframework.aop.Advisor) throws org.springframework.aop.framework.AopConfigException
2025-05-04 15:00:44 [main] TRACE o.s.aop.framework.CglibAopProxy - Method is declared on Advised interface: public abstract void org.springframework.aop.framework.Advised.addAdvice(int,org.aopalliance.aop.Advice) throws org.springframework.aop.framework.AopConfigException
2025-05-04 15:00:44 [main] TRACE o.s.aop.framework.CglibAopProxy - Method is declared on Advised interface: public abstract void org.springframework.aop.framework.Advised.addAdvice(org.aopalliance.aop.Advice) throws org.springframework.aop.framework.AopConfigException
2025-05-04 15:00:44 [main] TRACE o.s.aop.framework.CglibAopProxy - Method is declared on Advised interface: public abstract boolean org.springframework.aop.framework.Advised.removeAdvice(org.aopalliance.aop.Advice)
2025-05-04 15:00:44 [main] TRACE o.s.aop.framework.CglibAopProxy - Method is declared on Advised interface: public abstract java.lang.String org.springframework.aop.framework.Advised.toProxyConfigString()
2025-05-04 15:00:44 [main] TRACE o.s.aop.framework.CglibAopProxy - Method is declared on Advised interface: public abstract java.lang.Class org.springframework.aop.TargetClassAware.getTargetClass()
2025-05-04 15:00:44 [main] TRACE o.s.aop.framework.JdkDynamicAopProxy - Creating JDK dynamic proxy: org.springframework.data.jpa.repository.support.CrudMethodMetadataPostProcessor$ThreadBoundTargetSource@6a9f41ff
2025-05-04 15:00:44 [main] TRACE o.s.aop.framework.JdkDynamicAopProxy - Creating JDK dynamic proxy: SingletonTargetSource for target object [org.springframework.data.jpa.repository.support.SimpleJpaRepository@53222524]
2025-05-04 15:00:44 [main] TRACE o.s.aop.framework.JdkDynamicAopProxy - Creating JDK dynamic proxy: org.springframework.data.jpa.repository.support.CrudMethodMetadataPostProcessor$ThreadBoundTargetSource@6fc1a561
2025-05-04 15:00:44 [main] TRACE o.s.aop.framework.JdkDynamicAopProxy - Creating JDK dynamic proxy: SingletonTargetSource for target object [org.springframework.data.jpa.repository.support.SimpleJpaRepository@6430c591]
2025-05-04 15:00:44 [main] TRACE o.s.a.a.a.AnnotationAwareAspectJAutoProxyCreator - Creating implicit proxy for bean 'checkingService' with 0 common interceptors and 3 specific interceptors
2025-05-04 15:00:44 [main] TRACE o.s.aop.framework.CglibAopProxy - Creating CGLIB proxy: SingletonTargetSource for target object [codegym.c10.hotel.service.checkin.CheckingService@6eba7c33]
2025-05-04 15:00:44 [main] TRACE o.s.aop.framework.CglibAopProxy - Unable to apply any optimizations to advised method: public codegym.c10.hotel.dto.BookingResponseDTO codegym.c10.hotel.service.checkin.CheckingService.createBooking(codegym.c10.hotel.dto.WalkInRequestDTO,java.lang.Long)
2025-05-04 15:00:44 [main] TRACE o.s.aop.framework.CglibAopProxy - Unable to apply any optimizations to advised method: public java.math.BigDecimal codegym.c10.hotel.service.checkin.CheckingService.calculatePrice(codegym.c10.hotel.entity.Room,codegym.c10.hotel.eNum.RentType,int)
2025-05-04 15:00:44 [main] TRACE o.s.aop.framework.CglibAopProxy - Found 'equals' method: public boolean java.lang.Object.equals(java.lang.Object)
2025-05-04 15:00:44 [main] TRACE o.s.aop.framework.CglibAopProxy - Unable to apply any optimizations to advised method: public java.lang.String java.lang.Object.toString()
2025-05-04 15:00:44 [main] TRACE o.s.aop.framework.CglibAopProxy - Found 'hashCode' method: public native int java.lang.Object.hashCode()
2025-05-04 15:00:44 [main] TRACE o.s.aop.framework.CglibAopProxy - Unable to apply any optimizations to advised method: protected native java.lang.Object java.lang.Object.clone() throws java.lang.CloneNotSupportedException
2025-05-04 15:00:44 [main] TRACE o.s.aop.framework.CglibAopProxy - Method is declared on Advised interface: public abstract int org.springframework.aop.framework.Advised.indexOf(org.springframework.aop.Advisor)
2025-05-04 15:00:44 [main] TRACE o.s.aop.framework.CglibAopProxy - Method is declared on Advised interface: public abstract int org.springframework.aop.framework.Advised.indexOf(org.aopalliance.aop.Advice)
2025-05-04 15:00:44 [main] TRACE o.s.aop.framework.CglibAopProxy - Method is declared on Advised interface: public abstract boolean org.springframework.aop.framework.Advised.isFrozen()
2025-05-04 15:00:44 [main] TRACE o.s.aop.framework.CglibAopProxy - Method is declared on Advised interface: public abstract org.springframework.aop.TargetSource org.springframework.aop.framework.Advised.getTargetSource()
2025-05-04 15:00:44 [main] TRACE o.s.aop.framework.CglibAopProxy - Method is declared on Advised interface: public abstract java.lang.Class[] org.springframework.aop.framework.Advised.getProxiedInterfaces()
2025-05-04 15:00:44 [main] TRACE o.s.aop.framework.CglibAopProxy - Method is declared on Advised interface: public abstract boolean org.springframework.aop.framework.Advised.isInterfaceProxied(java.lang.Class)
2025-05-04 15:00:44 [main] TRACE o.s.aop.framework.CglibAopProxy - Method is declared on Advised interface: public default int org.springframework.aop.framework.Advised.getAdvisorCount()
2025-05-04 15:00:44 [main] TRACE o.s.aop.framework.CglibAopProxy - Method is declared on Advised interface: public abstract org.springframework.aop.Advisor[] org.springframework.aop.framework.Advised.getAdvisors()
2025-05-04 15:00:44 [main] TRACE o.s.aop.framework.CglibAopProxy - Method is declared on Advised interface: public abstract boolean org.springframework.aop.framework.Advised.isProxyTargetClass()
2025-05-04 15:00:44 [main] TRACE o.s.aop.framework.CglibAopProxy - Method is declared on Advised interface: public abstract void org.springframework.aop.framework.Advised.setTargetSource(org.springframework.aop.TargetSource)
2025-05-04 15:00:44 [main] TRACE o.s.aop.framework.CglibAopProxy - Method is declared on Advised interface: public abstract void org.springframework.aop.framework.Advised.setExposeProxy(boolean)
2025-05-04 15:00:44 [main] TRACE o.s.aop.framework.CglibAopProxy - Method is declared on Advised interface: public abstract boolean org.springframework.aop.framework.Advised.isExposeProxy()
2025-05-04 15:00:44 [main] TRACE o.s.aop.framework.CglibAopProxy - Method is declared on Advised interface: public abstract void org.springframework.aop.framework.Advised.setPreFiltered(boolean)
2025-05-04 15:00:44 [main] TRACE o.s.aop.framework.CglibAopProxy - Method is declared on Advised interface: public abstract boolean org.springframework.aop.framework.Advised.isPreFiltered()
2025-05-04 15:00:44 [main] TRACE o.s.aop.framework.CglibAopProxy - Method is declared on Advised interface: public abstract void org.springframework.aop.framework.Advised.addAdvisor(org.springframework.aop.Advisor) throws org.springframework.aop.framework.AopConfigException
2025-05-04 15:00:44 [main] TRACE o.s.aop.framework.CglibAopProxy - Method is declared on Advised interface: public abstract void org.springframework.aop.framework.Advised.addAdvisor(int,org.springframework.aop.Advisor) throws org.springframework.aop.framework.AopConfigException
2025-05-04 15:00:44 [main] TRACE o.s.aop.framework.CglibAopProxy - Method is declared on Advised interface: public abstract boolean org.springframework.aop.framework.Advised.removeAdvisor(org.springframework.aop.Advisor)
2025-05-04 15:00:44 [main] TRACE o.s.aop.framework.CglibAopProxy - Method is declared on Advised interface: public abstract void org.springframework.aop.framework.Advised.removeAdvisor(int) throws org.springframework.aop.framework.AopConfigException
2025-05-04 15:00:44 [main] TRACE o.s.aop.framework.CglibAopProxy - Method is declared on Advised interface: public abstract boolean org.springframework.aop.framework.Advised.replaceAdvisor(org.springframework.aop.Advisor,org.springframework.aop.Advisor) throws org.springframework.aop.framework.AopConfigException
2025-05-04 15:00:44 [main] TRACE o.s.aop.framework.CglibAopProxy - Method is declared on Advised interface: public abstract void org.springframework.aop.framework.Advised.addAdvice(int,org.aopalliance.aop.Advice) throws org.springframework.aop.framework.AopConfigException
2025-05-04 15:00:44 [main] TRACE o.s.aop.framework.CglibAopProxy - Method is declared on Advised interface: public abstract void org.springframework.aop.framework.Advised.addAdvice(org.aopalliance.aop.Advice) throws org.springframework.aop.framework.AopConfigException
2025-05-04 15:00:44 [main] TRACE o.s.aop.framework.CglibAopProxy - Method is declared on Advised interface: public abstract boolean org.springframework.aop.framework.Advised.removeAdvice(org.aopalliance.aop.Advice)
2025-05-04 15:00:44 [main] TRACE o.s.aop.framework.CglibAopProxy - Method is declared on Advised interface: public abstract java.lang.String org.springframework.aop.framework.Advised.toProxyConfigString()
2025-05-04 15:00:44 [main] TRACE o.s.aop.framework.CglibAopProxy - Method is declared on Advised interface: public abstract java.lang.Class org.springframework.aop.TargetClassAware.getTargetClass()
2025-05-04 15:00:44 [main] TRACE o.s.a.a.a.AnnotationAwareAspectJAutoProxyCreator - Creating implicit proxy for bean 'checkoutService' with 0 common interceptors and 1 specific interceptors
2025-05-04 15:00:44 [main] TRACE o.s.aop.framework.CglibAopProxy - Creating CGLIB proxy: SingletonTargetSource for target object [codegym.c10.hotel.service.checkout.CheckoutService@59d44c64]
2025-05-04 15:00:44 [main] TRACE o.s.aop.framework.CglibAopProxy - Unable to apply any optimizations to advised method: public java.lang.String codegym.c10.hotel.service.checkout.CheckoutService.processCheckout(codegym.c10.hotel.dto.CheckoutRequestDTO)
2025-05-04 15:00:44 [main] TRACE o.s.aop.framework.CglibAopProxy - Unable to apply any optimizations to advised method: public java.util.List codegym.c10.hotel.service.checkout.CheckoutService.calculateFee(java.lang.Long)
2025-05-04 15:00:44 [main] TRACE o.s.aop.framework.CglibAopProxy - Unable to apply any optimizations to advised method: public codegym.c10.hotel.dto.InvoiceResponseDTO codegym.c10.hotel.service.checkout.CheckoutService.getInvoice(java.lang.Long)
2025-05-04 15:00:44 [main] TRACE o.s.aop.framework.CglibAopProxy - Unable to apply any optimizations to advised method: public java.util.List codegym.c10.hotel.service.checkout.CheckoutService.findRoomsCheckoutDueSoon(java.lang.Integer)
2025-05-04 15:00:44 [main] TRACE o.s.aop.framework.CglibAopProxy - Found 'equals' method: public boolean java.lang.Object.equals(java.lang.Object)
2025-05-04 15:00:44 [main] TRACE o.s.aop.framework.CglibAopProxy - Unable to apply any optimizations to advised method: public java.lang.String java.lang.Object.toString()
2025-05-04 15:00:44 [main] TRACE o.s.aop.framework.CglibAopProxy - Found 'hashCode' method: public native int java.lang.Object.hashCode()
2025-05-04 15:00:44 [main] TRACE o.s.aop.framework.CglibAopProxy - Unable to apply any optimizations to advised method: protected native java.lang.Object java.lang.Object.clone() throws java.lang.CloneNotSupportedException
2025-05-04 15:00:44 [main] TRACE o.s.aop.framework.CglibAopProxy - Method is declared on Advised interface: public abstract int org.springframework.aop.framework.Advised.indexOf(org.springframework.aop.Advisor)
2025-05-04 15:00:44 [main] TRACE o.s.aop.framework.CglibAopProxy - Method is declared on Advised interface: public abstract int org.springframework.aop.framework.Advised.indexOf(org.aopalliance.aop.Advice)
2025-05-04 15:00:44 [main] TRACE o.s.aop.framework.CglibAopProxy - Method is declared on Advised interface: public abstract boolean org.springframework.aop.framework.Advised.isFrozen()
2025-05-04 15:00:44 [main] TRACE o.s.aop.framework.CglibAopProxy - Method is declared on Advised interface: public abstract org.springframework.aop.TargetSource org.springframework.aop.framework.Advised.getTargetSource()
2025-05-04 15:00:44 [main] TRACE o.s.aop.framework.CglibAopProxy - Method is declared on Advised interface: public abstract java.lang.Class[] org.springframework.aop.framework.Advised.getProxiedInterfaces()
2025-05-04 15:00:44 [main] TRACE o.s.aop.framework.CglibAopProxy - Method is declared on Advised interface: public abstract boolean org.springframework.aop.framework.Advised.isInterfaceProxied(java.lang.Class)
2025-05-04 15:00:44 [main] TRACE o.s.aop.framework.CglibAopProxy - Method is declared on Advised interface: public default int org.springframework.aop.framework.Advised.getAdvisorCount()
2025-05-04 15:00:44 [main] TRACE o.s.aop.framework.CglibAopProxy - Method is declared on Advised interface: public abstract org.springframework.aop.Advisor[] org.springframework.aop.framework.Advised.getAdvisors()
2025-05-04 15:00:44 [main] TRACE o.s.aop.framework.CglibAopProxy - Method is declared on Advised interface: public abstract boolean org.springframework.aop.framework.Advised.isProxyTargetClass()
2025-05-04 15:00:44 [main] TRACE o.s.aop.framework.CglibAopProxy - Method is declared on Advised interface: public abstract void org.springframework.aop.framework.Advised.setTargetSource(org.springframework.aop.TargetSource)
2025-05-04 15:00:44 [main] TRACE o.s.aop.framework.CglibAopProxy - Method is declared on Advised interface: public abstract void org.springframework.aop.framework.Advised.setExposeProxy(boolean)
2025-05-04 15:00:44 [main] TRACE o.s.aop.framework.CglibAopProxy - Method is declared on Advised interface: public abstract boolean org.springframework.aop.framework.Advised.isExposeProxy()
2025-05-04 15:00:44 [main] TRACE o.s.aop.framework.CglibAopProxy - Method is declared on Advised interface: public abstract void org.springframework.aop.framework.Advised.setPreFiltered(boolean)
2025-05-04 15:00:44 [main] TRACE o.s.aop.framework.CglibAopProxy - Method is declared on Advised interface: public abstract boolean org.springframework.aop.framework.Advised.isPreFiltered()
2025-05-04 15:00:44 [main] TRACE o.s.aop.framework.CglibAopProxy - Method is declared on Advised interface: public abstract void org.springframework.aop.framework.Advised.addAdvisor(org.springframework.aop.Advisor) throws org.springframework.aop.framework.AopConfigException
2025-05-04 15:00:44 [main] TRACE o.s.aop.framework.CglibAopProxy - Method is declared on Advised interface: public abstract void org.springframework.aop.framework.Advised.addAdvisor(int,org.springframework.aop.Advisor) throws org.springframework.aop.framework.AopConfigException
2025-05-04 15:00:44 [main] TRACE o.s.aop.framework.CglibAopProxy - Method is declared on Advised interface: public abstract boolean org.springframework.aop.framework.Advised.removeAdvisor(org.springframework.aop.Advisor)
2025-05-04 15:00:44 [main] TRACE o.s.aop.framework.CglibAopProxy - Method is declared on Advised interface: public abstract void org.springframework.aop.framework.Advised.removeAdvisor(int) throws org.springframework.aop.framework.AopConfigException
2025-05-04 15:00:44 [main] TRACE o.s.aop.framework.CglibAopProxy - Method is declared on Advised interface: public abstract boolean org.springframework.aop.framework.Advised.replaceAdvisor(org.springframework.aop.Advisor,org.springframework.aop.Advisor) throws org.springframework.aop.framework.AopConfigException
2025-05-04 15:00:44 [main] TRACE o.s.aop.framework.CglibAopProxy - Method is declared on Advised interface: public abstract void org.springframework.aop.framework.Advised.addAdvice(int,org.aopalliance.aop.Advice) throws org.springframework.aop.framework.AopConfigException
2025-05-04 15:00:44 [main] TRACE o.s.aop.framework.CglibAopProxy - Method is declared on Advised interface: public abstract void org.springframework.aop.framework.Advised.addAdvice(org.aopalliance.aop.Advice) throws org.springframework.aop.framework.AopConfigException
2025-05-04 15:00:44 [main] TRACE o.s.aop.framework.CglibAopProxy - Method is declared on Advised interface: public abstract boolean org.springframework.aop.framework.Advised.removeAdvice(org.aopalliance.aop.Advice)
2025-05-04 15:00:44 [main] TRACE o.s.aop.framework.CglibAopProxy - Method is declared on Advised interface: public abstract java.lang.String org.springframework.aop.framework.Advised.toProxyConfigString()
2025-05-04 15:00:44 [main] TRACE o.s.aop.framework.CglibAopProxy - Method is declared on Advised interface: public abstract java.lang.Class org.springframework.aop.TargetClassAware.getTargetClass()
2025-05-04 15:00:44 [main] TRACE o.s.aop.framework.JdkDynamicAopProxy - Creating JDK dynamic proxy: org.springframework.data.jpa.repository.support.CrudMethodMetadataPostProcessor$ThreadBoundTargetSource@3d2a4c18
2025-05-04 15:00:45 [main] TRACE o.s.aop.framework.JdkDynamicAopProxy - Creating JDK dynamic proxy: SingletonTargetSource for target object [org.springframework.data.jpa.repository.support.SimpleJpaRepository@169ea60a]
2025-05-04 15:00:45 [main] TRACE o.s.a.a.a.AnnotationAwareAspectJAutoProxyCreator - Creating implicit proxy for bean 'employeeMapperService' with 0 common interceptors and 2 specific interceptors
2025-05-04 15:00:45 [main] TRACE o.s.aop.framework.CglibAopProxy - Creating CGLIB proxy: SingletonTargetSource for target object [codegym.c10.hotel.service.employees.EmployeeMapperService@ad19c8a]
2025-05-04 15:00:45 [main] TRACE o.s.aop.framework.CglibAopProxy - Unable to apply any optimizations to advised method: public codegym.c10.hotel.dto.EmployeeDto codegym.c10.hotel.service.employees.EmployeeMapperService.convertToDto(codegym.c10.hotel.entity.Employee)
2025-05-04 15:00:45 [main] TRACE o.s.aop.framework.CglibAopProxy - Unable to apply any optimizations to advised method: public codegym.c10.hotel.entity.Employee codegym.c10.hotel.service.employees.EmployeeMapperService.convertToEntity(codegym.c10.hotel.dto.EmployeeDto)
2025-05-04 15:00:45 [main] TRACE o.s.aop.framework.CglibAopProxy - Unable to apply any optimizations to advised method: public codegym.c10.hotel.entity.Employee codegym.c10.hotel.service.employees.EmployeeMapperService.updateEntityFromDto(codegym.c10.hotel.entity.Employee,codegym.c10.hotel.dto.EmployeeDto)
2025-05-04 15:00:45 [main] TRACE o.s.aop.framework.CglibAopProxy - Found 'equals' method: public boolean java.lang.Object.equals(java.lang.Object)
2025-05-04 15:00:45 [main] TRACE o.s.aop.framework.CglibAopProxy - Unable to apply any optimizations to advised method: public java.lang.String java.lang.Object.toString()
2025-05-04 15:00:45 [main] TRACE o.s.aop.framework.CglibAopProxy - Found 'hashCode' method: public native int java.lang.Object.hashCode()
2025-05-04 15:00:45 [main] TRACE o.s.aop.framework.CglibAopProxy - Unable to apply any optimizations to advised method: protected native java.lang.Object java.lang.Object.clone() throws java.lang.CloneNotSupportedException
2025-05-04 15:00:45 [main] TRACE o.s.aop.framework.CglibAopProxy - Method is declared on Advised interface: public abstract int org.springframework.aop.framework.Advised.indexOf(org.springframework.aop.Advisor)
2025-05-04 15:00:45 [main] TRACE o.s.aop.framework.CglibAopProxy - Method is declared on Advised interface: public abstract int org.springframework.aop.framework.Advised.indexOf(org.aopalliance.aop.Advice)
2025-05-04 15:00:45 [main] TRACE o.s.aop.framework.CglibAopProxy - Method is declared on Advised interface: public abstract boolean org.springframework.aop.framework.Advised.isFrozen()
2025-05-04 15:00:45 [main] TRACE o.s.aop.framework.CglibAopProxy - Method is declared on Advised interface: public abstract org.springframework.aop.TargetSource org.springframework.aop.framework.Advised.getTargetSource()
2025-05-04 15:00:45 [main] TRACE o.s.aop.framework.CglibAopProxy - Method is declared on Advised interface: public abstract java.lang.Class[] org.springframework.aop.framework.Advised.getProxiedInterfaces()
2025-05-04 15:00:45 [main] TRACE o.s.aop.framework.CglibAopProxy - Method is declared on Advised interface: public abstract boolean org.springframework.aop.framework.Advised.isInterfaceProxied(java.lang.Class)
2025-05-04 15:00:45 [main] TRACE o.s.aop.framework.CglibAopProxy - Method is declared on Advised interface: public default int org.springframework.aop.framework.Advised.getAdvisorCount()
2025-05-04 15:00:45 [main] TRACE o.s.aop.framework.CglibAopProxy - Method is declared on Advised interface: public abstract org.springframework.aop.Advisor[] org.springframework.aop.framework.Advised.getAdvisors()
2025-05-04 15:00:45 [main] TRACE o.s.aop.framework.CglibAopProxy - Method is declared on Advised interface: public abstract boolean org.springframework.aop.framework.Advised.isProxyTargetClass()
2025-05-04 15:00:45 [main] TRACE o.s.aop.framework.CglibAopProxy - Method is declared on Advised interface: public abstract void org.springframework.aop.framework.Advised.setTargetSource(org.springframework.aop.TargetSource)
2025-05-04 15:00:45 [main] TRACE o.s.aop.framework.CglibAopProxy - Method is declared on Advised interface: public abstract void org.springframework.aop.framework.Advised.setExposeProxy(boolean)
2025-05-04 15:00:45 [main] TRACE o.s.aop.framework.CglibAopProxy - Method is declared on Advised interface: public abstract boolean org.springframework.aop.framework.Advised.isExposeProxy()
2025-05-04 15:00:45 [main] TRACE o.s.aop.framework.CglibAopProxy - Method is declared on Advised interface: public abstract void org.springframework.aop.framework.Advised.setPreFiltered(boolean)
2025-05-04 15:00:45 [main] TRACE o.s.aop.framework.CglibAopProxy - Method is declared on Advised interface: public abstract boolean org.springframework.aop.framework.Advised.isPreFiltered()
2025-05-04 15:00:45 [main] TRACE o.s.aop.framework.CglibAopProxy - Method is declared on Advised interface: public abstract void org.springframework.aop.framework.Advised.addAdvisor(org.springframework.aop.Advisor) throws org.springframework.aop.framework.AopConfigException
2025-05-04 15:00:45 [main] TRACE o.s.aop.framework.CglibAopProxy - Method is declared on Advised interface: public abstract void org.springframework.aop.framework.Advised.addAdvisor(int,org.springframework.aop.Advisor) throws org.springframework.aop.framework.AopConfigException
2025-05-04 15:00:45 [main] TRACE o.s.aop.framework.CglibAopProxy - Method is declared on Advised interface: public abstract boolean org.springframework.aop.framework.Advised.removeAdvisor(org.springframework.aop.Advisor)
2025-05-04 15:00:45 [main] TRACE o.s.aop.framework.CglibAopProxy - Method is declared on Advised interface: public abstract void org.springframework.aop.framework.Advised.removeAdvisor(int) throws org.springframework.aop.framework.AopConfigException
2025-05-04 15:00:45 [main] TRACE o.s.aop.framework.CglibAopProxy - Method is declared on Advised interface: public abstract boolean org.springframework.aop.framework.Advised.replaceAdvisor(org.springframework.aop.Advisor,org.springframework.aop.Advisor) throws org.springframework.aop.framework.AopConfigException
2025-05-04 15:00:45 [main] TRACE o.s.aop.framework.CglibAopProxy - Method is declared on Advised interface: public abstract void org.springframework.aop.framework.Advised.addAdvice(int,org.aopalliance.aop.Advice) throws org.springframework.aop.framework.AopConfigException
2025-05-04 15:00:45 [main] TRACE o.s.aop.framework.CglibAopProxy - Method is declared on Advised interface: public abstract void org.springframework.aop.framework.Advised.addAdvice(org.aopalliance.aop.Advice) throws org.springframework.aop.framework.AopConfigException
2025-05-04 15:00:45 [main] TRACE o.s.aop.framework.CglibAopProxy - Method is declared on Advised interface: public abstract boolean org.springframework.aop.framework.Advised.removeAdvice(org.aopalliance.aop.Advice)
2025-05-04 15:00:45 [main] TRACE o.s.aop.framework.CglibAopProxy - Method is declared on Advised interface: public abstract java.lang.String org.springframework.aop.framework.Advised.toProxyConfigString()
2025-05-04 15:00:45 [main] TRACE o.s.aop.framework.CglibAopProxy - Method is declared on Advised interface: public abstract java.lang.Class org.springframework.aop.TargetClassAware.getTargetClass()
2025-05-04 15:00:45 [main] TRACE o.s.a.a.a.AnnotationAwareAspectJAutoProxyCreator - Creating implicit proxy for bean 'fileSystemStorageService' with 0 common interceptors and 2 specific interceptors
2025-05-04 15:00:45 [main] TRACE o.s.aop.framework.CglibAopProxy - Creating CGLIB proxy: SingletonTargetSource for target object [codegym.c10.hotel.service.uploadFile.FileSystemStorageService@2a81809e]
2025-05-04 15:00:45 [main] TRACE o.s.aop.framework.CglibAopProxy - Unable to apply any optimizations to advised method: public java.lang.String codegym.c10.hotel.service.uploadFile.FileSystemStorageService.store(org.springframework.web.multipart.MultipartFile)
2025-05-04 15:00:45 [main] TRACE o.s.aop.framework.CglibAopProxy - Unable to apply any optimizations to advised method: public void codegym.c10.hotel.service.uploadFile.FileSystemStorageService.init()
2025-05-04 15:00:45 [main] TRACE o.s.aop.framework.CglibAopProxy - Unable to apply any optimizations to advised method: public boolean codegym.c10.hotel.service.uploadFile.FileSystemStorageService.exists(java.lang.String)
2025-05-04 15:00:45 [main] TRACE o.s.aop.framework.CglibAopProxy - Unable to apply any optimizations to advised method: public void codegym.c10.hotel.service.uploadFile.FileSystemStorageService.deleteFile(java.lang.String)
2025-05-04 15:00:45 [main] TRACE o.s.aop.framework.CglibAopProxy - Unable to apply any optimizations to advised method: public java.lang.String codegym.c10.hotel.service.uploadFile.FileSystemStorageService.storeWithUUID(org.springframework.web.multipart.MultipartFile,java.lang.String)
2025-05-04 15:00:45 [main] TRACE o.s.aop.framework.CglibAopProxy - Found 'equals' method: public boolean java.lang.Object.equals(java.lang.Object)
2025-05-04 15:00:45 [main] TRACE o.s.aop.framework.CglibAopProxy - Unable to apply any optimizations to advised method: public java.lang.String java.lang.Object.toString()
2025-05-04 15:00:45 [main] TRACE o.s.aop.framework.CglibAopProxy - Found 'hashCode' method: public native int java.lang.Object.hashCode()
2025-05-04 15:00:45 [main] TRACE o.s.aop.framework.CglibAopProxy - Unable to apply any optimizations to advised method: protected native java.lang.Object java.lang.Object.clone() throws java.lang.CloneNotSupportedException
2025-05-04 15:00:45 [main] TRACE o.s.aop.framework.CglibAopProxy - Method is declared on Advised interface: public abstract int org.springframework.aop.framework.Advised.indexOf(org.springframework.aop.Advisor)
2025-05-04 15:00:45 [main] TRACE o.s.aop.framework.CglibAopProxy - Method is declared on Advised interface: public abstract int org.springframework.aop.framework.Advised.indexOf(org.aopalliance.aop.Advice)
2025-05-04 15:00:45 [main] TRACE o.s.aop.framework.CglibAopProxy - Method is declared on Advised interface: public abstract boolean org.springframework.aop.framework.Advised.isFrozen()
2025-05-04 15:00:45 [main] TRACE o.s.aop.framework.CglibAopProxy - Method is declared on Advised interface: public abstract org.springframework.aop.TargetSource org.springframework.aop.framework.Advised.getTargetSource()
2025-05-04 15:00:45 [main] TRACE o.s.aop.framework.CglibAopProxy - Method is declared on Advised interface: public abstract java.lang.Class[] org.springframework.aop.framework.Advised.getProxiedInterfaces()
2025-05-04 15:00:45 [main] TRACE o.s.aop.framework.CglibAopProxy - Method is declared on Advised interface: public abstract boolean org.springframework.aop.framework.Advised.isInterfaceProxied(java.lang.Class)
2025-05-04 15:00:45 [main] TRACE o.s.aop.framework.CglibAopProxy - Method is declared on Advised interface: public default int org.springframework.aop.framework.Advised.getAdvisorCount()
2025-05-04 15:00:45 [main] TRACE o.s.aop.framework.CglibAopProxy - Method is declared on Advised interface: public abstract org.springframework.aop.Advisor[] org.springframework.aop.framework.Advised.getAdvisors()
2025-05-04 15:00:45 [main] TRACE o.s.aop.framework.CglibAopProxy - Method is declared on Advised interface: public abstract boolean org.springframework.aop.framework.Advised.isProxyTargetClass()
2025-05-04 15:00:45 [main] TRACE o.s.aop.framework.CglibAopProxy - Method is declared on Advised interface: public abstract void org.springframework.aop.framework.Advised.setTargetSource(org.springframework.aop.TargetSource)
2025-05-04 15:00:45 [main] TRACE o.s.aop.framework.CglibAopProxy - Method is declared on Advised interface: public abstract void org.springframework.aop.framework.Advised.setExposeProxy(boolean)
2025-05-04 15:00:45 [main] TRACE o.s.aop.framework.CglibAopProxy - Method is declared on Advised interface: public abstract boolean org.springframework.aop.framework.Advised.isExposeProxy()
2025-05-04 15:00:45 [main] TRACE o.s.aop.framework.CglibAopProxy - Method is declared on Advised interface: public abstract void org.springframework.aop.framework.Advised.setPreFiltered(boolean)
2025-05-04 15:00:45 [main] TRACE o.s.aop.framework.CglibAopProxy - Method is declared on Advised interface: public abstract boolean org.springframework.aop.framework.Advised.isPreFiltered()
2025-05-04 15:00:45 [main] TRACE o.s.aop.framework.CglibAopProxy - Method is declared on Advised interface: public abstract void org.springframework.aop.framework.Advised.addAdvisor(org.springframework.aop.Advisor) throws org.springframework.aop.framework.AopConfigException
2025-05-04 15:00:45 [main] TRACE o.s.aop.framework.CglibAopProxy - Method is declared on Advised interface: public abstract void org.springframework.aop.framework.Advised.addAdvisor(int,org.springframework.aop.Advisor) throws org.springframework.aop.framework.AopConfigException
2025-05-04 15:00:45 [main] TRACE o.s.aop.framework.CglibAopProxy - Method is declared on Advised interface: public abstract boolean org.springframework.aop.framework.Advised.removeAdvisor(org.springframework.aop.Advisor)
2025-05-04 15:00:45 [main] TRACE o.s.aop.framework.CglibAopProxy - Method is declared on Advised interface: public abstract void org.springframework.aop.framework.Advised.removeAdvisor(int) throws org.springframework.aop.framework.AopConfigException
2025-05-04 15:00:45 [main] TRACE o.s.aop.framework.CglibAopProxy - Method is declared on Advised interface: public abstract boolean org.springframework.aop.framework.Advised.replaceAdvisor(org.springframework.aop.Advisor,org.springframework.aop.Advisor) throws org.springframework.aop.framework.AopConfigException
2025-05-04 15:00:45 [main] TRACE o.s.aop.framework.CglibAopProxy - Method is declared on Advised interface: public abstract void org.springframework.aop.framework.Advised.addAdvice(int,org.aopalliance.aop.Advice) throws org.springframework.aop.framework.AopConfigException
2025-05-04 15:00:45 [main] TRACE o.s.aop.framework.CglibAopProxy - Method is declared on Advised interface: public abstract void org.springframework.aop.framework.Advised.addAdvice(org.aopalliance.aop.Advice) throws org.springframework.aop.framework.AopConfigException
2025-05-04 15:00:45 [main] TRACE o.s.aop.framework.CglibAopProxy - Method is declared on Advised interface: public abstract boolean org.springframework.aop.framework.Advised.removeAdvice(org.aopalliance.aop.Advice)
2025-05-04 15:00:45 [main] TRACE o.s.aop.framework.CglibAopProxy - Method is declared on Advised interface: public abstract java.lang.String org.springframework.aop.framework.Advised.toProxyConfigString()
2025-05-04 15:00:45 [main] TRACE o.s.aop.framework.CglibAopProxy - Method is declared on Advised interface: public abstract java.lang.Class org.springframework.aop.TargetClassAware.getTargetClass()
2025-05-04 15:00:45 [main] TRACE o.s.a.a.a.AnnotationAwareAspectJAutoProxyCreator - Creating implicit proxy for bean 'employeeService' with 0 common interceptors and 3 specific interceptors
2025-05-04 15:00:45 [main] TRACE o.s.aop.framework.CglibAopProxy - Creating CGLIB proxy: SingletonTargetSource for target object [codegym.c10.hotel.service.employees.EmployeeService@57f4839c]
2025-05-04 15:00:45 [main] TRACE o.s.aop.framework.CglibAopProxy - Unable to apply any optimizations to advised method: public java.util.Optional codegym.c10.hotel.service.employees.EmployeeService.findById(java.lang.Long)
2025-05-04 15:00:45 [main] TRACE o.s.aop.framework.CglibAopProxy - Unable to apply any optimizations to advised method: public void codegym.c10.hotel.service.employees.EmployeeService.remove(java.lang.Long)
2025-05-04 15:00:45 [main] TRACE o.s.aop.framework.CglibAopProxy - Unable to apply any optimizations to advised method: public codegym.c10.hotel.entity.Employee codegym.c10.hotel.service.employees.EmployeeService.update(codegym.c10.hotel.entity.Employee)
2025-05-04 15:00:45 [main] TRACE o.s.aop.framework.CglibAopProxy - Unable to apply any optimizations to advised method: public codegym.c10.hotel.entity.Employee codegym.c10.hotel.service.employees.EmployeeService.save(codegym.c10.hotel.entity.Employee)
2025-05-04 15:00:45 [main] TRACE o.s.aop.framework.CglibAopProxy - Unable to apply any optimizations to advised method: public java.lang.Object codegym.c10.hotel.service.employees.EmployeeService.save(java.lang.Object)
2025-05-04 15:00:45 [main] TRACE o.s.aop.framework.CglibAopProxy - Unable to apply any optimizations to advised method: public java.lang.Iterable codegym.c10.hotel.service.employees.EmployeeService.findAll()
2025-05-04 15:00:45 [main] TRACE o.s.aop.framework.CglibAopProxy - Unable to apply any optimizations to advised method: public org.springframework.data.domain.Page codegym.c10.hotel.service.employees.EmployeeService.findAllByDeletedFalse(org.springframework.data.domain.Pageable)
2025-05-04 15:00:45 [main] TRACE o.s.aop.framework.CglibAopProxy - Unable to apply any optimizations to advised method: public org.springframework.data.domain.Page codegym.c10.hotel.service.employees.EmployeeService.findEmployeesByFilters(java.lang.String,java.lang.String,org.springframework.data.domain.Pageable)
2025-05-04 15:00:45 [main] TRACE o.s.aop.framework.CglibAopProxy - Unable to apply any optimizations to advised method: public codegym.c10.hotel.dto.EmployeeDto codegym.c10.hotel.service.employees.EmployeeService.findEmployeeDtoById(java.lang.Long)
2025-05-04 15:00:45 [main] TRACE o.s.aop.framework.CglibAopProxy - Unable to apply any optimizations to advised method: public codegym.c10.hotel.dto.EmployeeDto codegym.c10.hotel.service.employees.EmployeeService.updateEmployeeWithImage(java.lang.Long,codegym.c10.hotel.dto.EmployeeDto,org.springframework.web.multipart.MultipartFile)
2025-05-04 15:00:45 [main] TRACE o.s.aop.framework.CglibAopProxy - Unable to apply any optimizations to advised method: public codegym.c10.hotel.dto.EmployeeDto codegym.c10.hotel.service.employees.EmployeeService.createEmployee(codegym.c10.hotel.dto.EmployeeDto)
2025-05-04 15:00:45 [main] TRACE o.s.aop.framework.CglibAopProxy - Unable to apply any optimizations to advised method: public codegym.c10.hotel.dto.EmployeeDto codegym.c10.hotel.service.employees.EmployeeService.createEmployeeWithImage(codegym.c10.hotel.dto.EmployeeDto,org.springframework.web.multipart.MultipartFile) throws java.io.IOException
2025-05-04 15:00:45 [main] TRACE o.s.aop.framework.CglibAopProxy - Unable to apply any optimizations to advised method: public boolean codegym.c10.hotel.service.employees.EmployeeService.existsByIdCard(java.lang.String)
2025-05-04 15:00:45 [main] TRACE o.s.aop.framework.CglibAopProxy - Unable to apply any optimizations to advised method: public boolean codegym.c10.hotel.service.employees.EmployeeService.existsByIdCardAndIdNot(java.lang.String,java.lang.Long)
2025-05-04 15:00:45 [main] TRACE o.s.aop.framework.CglibAopProxy - Unable to apply any optimizations to advised method: public boolean codegym.c10.hotel.service.employees.EmployeeService.existsByPhone(java.lang.String)
2025-05-04 15:00:45 [main] TRACE o.s.aop.framework.CglibAopProxy - Unable to apply any optimizations to advised method: public boolean codegym.c10.hotel.service.employees.EmployeeService.existsByPhoneAndIdNot(java.lang.String,java.lang.Long)
2025-05-04 15:00:45 [main] TRACE o.s.aop.framework.CglibAopProxy - Unable to apply any optimizations to advised method: public boolean codegym.c10.hotel.service.employees.EmployeeService.existsByUserId(java.lang.Long)
2025-05-04 15:00:45 [main] TRACE o.s.aop.framework.CglibAopProxy - Unable to apply any optimizations to advised method: public boolean codegym.c10.hotel.service.employees.EmployeeService.existsByUserIdAndIdNot(java.lang.Long,java.lang.Long)
2025-05-04 15:00:45 [main] TRACE o.s.aop.framework.CglibAopProxy - Unable to apply any optimizations to advised method: public java.util.Optional codegym.c10.hotel.service.employees.EmployeeService.findByUserId(java.lang.Long)
2025-05-04 15:00:45 [main] TRACE o.s.aop.framework.CglibAopProxy - Unable to apply any optimizations to advised method: public org.springframework.data.domain.Page codegym.c10.hotel.service.employees.EmployeeService.findAllByDepartmentAndPositionAndDeletedFalse(java.lang.String,java.lang.String,org.springframework.data.domain.Pageable)
2025-05-04 15:00:45 [main] TRACE o.s.aop.framework.CglibAopProxy - Unable to apply any optimizations to advised method: public org.springframework.data.domain.Page codegym.c10.hotel.service.employees.EmployeeService.findAllByDepartmentAndDeletedFalse(java.lang.String,org.springframework.data.domain.Pageable)
2025-05-04 15:00:45 [main] TRACE o.s.aop.framework.CglibAopProxy - Unable to apply any optimizations to advised method: public org.springframework.data.domain.Page codegym.c10.hotel.service.employees.EmployeeService.findAllByPositionAndDeletedFalse(java.lang.String,org.springframework.data.domain.Pageable)
2025-05-04 15:00:45 [main] TRACE o.s.aop.framework.CglibAopProxy - Unable to apply any optimizations to advised method: public codegym.c10.hotel.dto.EmployeeDto codegym.c10.hotel.service.employees.EmployeeService.updateEmployee(java.lang.Long,codegym.c10.hotel.dto.EmployeeDto)
2025-05-04 15:00:45 [main] TRACE o.s.aop.framework.CglibAopProxy - Found 'equals' method: public boolean java.lang.Object.equals(java.lang.Object)
2025-05-04 15:00:45 [main] TRACE o.s.aop.framework.CglibAopProxy - Unable to apply any optimizations to advised method: public java.lang.String java.lang.Object.toString()
2025-05-04 15:00:45 [main] TRACE o.s.aop.framework.CglibAopProxy - Found 'hashCode' method: public native int java.lang.Object.hashCode()
2025-05-04 15:00:45 [main] TRACE o.s.aop.framework.CglibAopProxy - Unable to apply any optimizations to advised method: protected native java.lang.Object java.lang.Object.clone() throws java.lang.CloneNotSupportedException
2025-05-04 15:00:45 [main] TRACE o.s.aop.framework.CglibAopProxy - Method is declared on Advised interface: public abstract int org.springframework.aop.framework.Advised.indexOf(org.springframework.aop.Advisor)
2025-05-04 15:00:45 [main] TRACE o.s.aop.framework.CglibAopProxy - Method is declared on Advised interface: public abstract int org.springframework.aop.framework.Advised.indexOf(org.aopalliance.aop.Advice)
2025-05-04 15:00:45 [main] TRACE o.s.aop.framework.CglibAopProxy - Method is declared on Advised interface: public abstract boolean org.springframework.aop.framework.Advised.isFrozen()
2025-05-04 15:00:45 [main] TRACE o.s.aop.framework.CglibAopProxy - Method is declared on Advised interface: public abstract org.springframework.aop.TargetSource org.springframework.aop.framework.Advised.getTargetSource()
2025-05-04 15:00:45 [main] TRACE o.s.aop.framework.CglibAopProxy - Method is declared on Advised interface: public abstract java.lang.Class[] org.springframework.aop.framework.Advised.getProxiedInterfaces()
2025-05-04 15:00:45 [main] TRACE o.s.aop.framework.CglibAopProxy - Method is declared on Advised interface: public abstract boolean org.springframework.aop.framework.Advised.isInterfaceProxied(java.lang.Class)
2025-05-04 15:00:45 [main] TRACE o.s.aop.framework.CglibAopProxy - Method is declared on Advised interface: public default int org.springframework.aop.framework.Advised.getAdvisorCount()
2025-05-04 15:00:45 [main] TRACE o.s.aop.framework.CglibAopProxy - Method is declared on Advised interface: public abstract org.springframework.aop.Advisor[] org.springframework.aop.framework.Advised.getAdvisors()
2025-05-04 15:00:45 [main] TRACE o.s.aop.framework.CglibAopProxy - Method is declared on Advised interface: public abstract boolean org.springframework.aop.framework.Advised.isProxyTargetClass()
2025-05-04 15:00:45 [main] TRACE o.s.aop.framework.CglibAopProxy - Method is declared on Advised interface: public abstract void org.springframework.aop.framework.Advised.setTargetSource(org.springframework.aop.TargetSource)
2025-05-04 15:00:45 [main] TRACE o.s.aop.framework.CglibAopProxy - Method is declared on Advised interface: public abstract void org.springframework.aop.framework.Advised.setExposeProxy(boolean)
2025-05-04 15:00:45 [main] TRACE o.s.aop.framework.CglibAopProxy - Method is declared on Advised interface: public abstract boolean org.springframework.aop.framework.Advised.isExposeProxy()
2025-05-04 15:00:45 [main] TRACE o.s.aop.framework.CglibAopProxy - Method is declared on Advised interface: public abstract void org.springframework.aop.framework.Advised.setPreFiltered(boolean)
2025-05-04 15:00:45 [main] TRACE o.s.aop.framework.CglibAopProxy - Method is declared on Advised interface: public abstract boolean org.springframework.aop.framework.Advised.isPreFiltered()
2025-05-04 15:00:45 [main] TRACE o.s.aop.framework.CglibAopProxy - Method is declared on Advised interface: public abstract void org.springframework.aop.framework.Advised.addAdvisor(org.springframework.aop.Advisor) throws org.springframework.aop.framework.AopConfigException
2025-05-04 15:00:45 [main] TRACE o.s.aop.framework.CglibAopProxy - Method is declared on Advised interface: public abstract void org.springframework.aop.framework.Advised.addAdvisor(int,org.springframework.aop.Advisor) throws org.springframework.aop.framework.AopConfigException
2025-05-04 15:00:45 [main] TRACE o.s.aop.framework.CglibAopProxy - Method is declared on Advised interface: public abstract boolean org.springframework.aop.framework.Advised.removeAdvisor(org.springframework.aop.Advisor)
2025-05-04 15:00:45 [main] TRACE o.s.aop.framework.CglibAopProxy - Method is declared on Advised interface: public abstract void org.springframework.aop.framework.Advised.removeAdvisor(int) throws org.springframework.aop.framework.AopConfigException
2025-05-04 15:00:45 [main] TRACE o.s.aop.framework.CglibAopProxy - Method is declared on Advised interface: public abstract boolean org.springframework.aop.framework.Advised.replaceAdvisor(org.springframework.aop.Advisor,org.springframework.aop.Advisor) throws org.springframework.aop.framework.AopConfigException
2025-05-04 15:00:45 [main] TRACE o.s.aop.framework.CglibAopProxy - Method is declared on Advised interface: public abstract void org.springframework.aop.framework.Advised.addAdvice(int,org.aopalliance.aop.Advice) throws org.springframework.aop.framework.AopConfigException
2025-05-04 15:00:45 [main] TRACE o.s.aop.framework.CglibAopProxy - Method is declared on Advised interface: public abstract void org.springframework.aop.framework.Advised.addAdvice(org.aopalliance.aop.Advice) throws org.springframework.aop.framework.AopConfigException
2025-05-04 15:00:45 [main] TRACE o.s.aop.framework.CglibAopProxy - Method is declared on Advised interface: public abstract boolean org.springframework.aop.framework.Advised.removeAdvice(org.aopalliance.aop.Advice)
2025-05-04 15:00:45 [main] TRACE o.s.aop.framework.CglibAopProxy - Method is declared on Advised interface: public abstract java.lang.String org.springframework.aop.framework.Advised.toProxyConfigString()
2025-05-04 15:00:45 [main] TRACE o.s.aop.framework.CglibAopProxy - Method is declared on Advised interface: public abstract java.lang.Class org.springframework.aop.TargetClassAware.getTargetClass()
2025-05-04 15:00:45 [main] TRACE o.s.a.a.a.AnnotationAwareAspectJAutoProxyCreator - Creating implicit proxy for bean 'employeeController' with 0 common interceptors and 1 specific interceptors
2025-05-04 15:00:45 [main] TRACE o.s.aop.framework.CglibAopProxy - Creating CGLIB proxy: SingletonTargetSource for target object [codegym.c10.hotel.controller.EmployeeController@5fe024f5]
2025-05-04 15:00:45 [main] TRACE o.s.aop.framework.CglibAopProxy - Unable to apply any optimizations to advised method: public org.springframework.http.ResponseEntity codegym.c10.hotel.controller.EmployeeController.updateEmployeeWithImage(java.lang.Long,java.lang.String,org.springframework.web.multipart.MultipartFile)
2025-05-04 15:00:45 [main] TRACE o.s.aop.framework.CglibAopProxy - Unable to apply any optimizations to advised method: public org.springframework.http.ResponseEntity codegym.c10.hotel.controller.EmployeeController.getAllEmployees(java.lang.String,java.lang.String,int,int)
2025-05-04 15:00:45 [main] TRACE o.s.aop.framework.CglibAopProxy - Unable to apply any optimizations to advised method: public org.springframework.http.ResponseEntity codegym.c10.hotel.controller.EmployeeController.getEmployeeById(java.lang.Long)
2025-05-04 15:00:45 [main] TRACE o.s.aop.framework.CglibAopProxy - Unable to apply any optimizations to advised method: public org.springframework.http.ResponseEntity codegym.c10.hotel.controller.EmployeeController.deleteEmployee(java.lang.Long)
2025-05-04 15:00:45 [main] TRACE o.s.aop.framework.CglibAopProxy - Unable to apply any optimizations to advised method: public org.springframework.http.ResponseEntity codegym.c10.hotel.controller.EmployeeController.createEmployee(java.lang.String,org.springframework.validation.BindingResult,org.springframework.web.multipart.MultipartFile) throws java.io.IOException
2025-05-04 15:00:45 [main] TRACE o.s.aop.framework.CglibAopProxy - Found 'equals' method: public boolean java.lang.Object.equals(java.lang.Object)
2025-05-04 15:00:45 [main] TRACE o.s.aop.framework.CglibAopProxy - Unable to apply any optimizations to advised method: public java.lang.String java.lang.Object.toString()
2025-05-04 15:00:45 [main] TRACE o.s.aop.framework.CglibAopProxy - Found 'hashCode' method: public native int java.lang.Object.hashCode()
2025-05-04 15:00:45 [main] TRACE o.s.aop.framework.CglibAopProxy - Unable to apply any optimizations to advised method: protected native java.lang.Object java.lang.Object.clone() throws java.lang.CloneNotSupportedException
2025-05-04 15:00:45 [main] TRACE o.s.aop.framework.CglibAopProxy - Method is declared on Advised interface: public abstract int org.springframework.aop.framework.Advised.indexOf(org.springframework.aop.Advisor)
2025-05-04 15:00:45 [main] TRACE o.s.aop.framework.CglibAopProxy - Method is declared on Advised interface: public abstract int org.springframework.aop.framework.Advised.indexOf(org.aopalliance.aop.Advice)
2025-05-04 15:00:45 [main] TRACE o.s.aop.framework.CglibAopProxy - Method is declared on Advised interface: public abstract boolean org.springframework.aop.framework.Advised.isFrozen()
2025-05-04 15:00:45 [main] TRACE o.s.aop.framework.CglibAopProxy - Method is declared on Advised interface: public abstract org.springframework.aop.TargetSource org.springframework.aop.framework.Advised.getTargetSource()
2025-05-04 15:00:45 [main] TRACE o.s.aop.framework.CglibAopProxy - Method is declared on Advised interface: public abstract java.lang.Class[] org.springframework.aop.framework.Advised.getProxiedInterfaces()
2025-05-04 15:00:45 [main] TRACE o.s.aop.framework.CglibAopProxy - Method is declared on Advised interface: public abstract boolean org.springframework.aop.framework.Advised.isInterfaceProxied(java.lang.Class)
2025-05-04 15:00:45 [main] TRACE o.s.aop.framework.CglibAopProxy - Method is declared on Advised interface: public default int org.springframework.aop.framework.Advised.getAdvisorCount()
2025-05-04 15:00:45 [main] TRACE o.s.aop.framework.CglibAopProxy - Method is declared on Advised interface: public abstract org.springframework.aop.Advisor[] org.springframework.aop.framework.Advised.getAdvisors()
2025-05-04 15:00:45 [main] TRACE o.s.aop.framework.CglibAopProxy - Method is declared on Advised interface: public abstract boolean org.springframework.aop.framework.Advised.isProxyTargetClass()
2025-05-04 15:00:45 [main] TRACE o.s.aop.framework.CglibAopProxy - Method is declared on Advised interface: public abstract void org.springframework.aop.framework.Advised.setTargetSource(org.springframework.aop.TargetSource)
2025-05-04 15:00:45 [main] TRACE o.s.aop.framework.CglibAopProxy - Method is declared on Advised interface: public abstract void org.springframework.aop.framework.Advised.setExposeProxy(boolean)
2025-05-04 15:00:45 [main] TRACE o.s.aop.framework.CglibAopProxy - Method is declared on Advised interface: public abstract boolean org.springframework.aop.framework.Advised.isExposeProxy()
2025-05-04 15:00:45 [main] TRACE o.s.aop.framework.CglibAopProxy - Method is declared on Advised interface: public abstract void org.springframework.aop.framework.Advised.setPreFiltered(boolean)
2025-05-04 15:00:45 [main] TRACE o.s.aop.framework.CglibAopProxy - Method is declared on Advised interface: public abstract boolean org.springframework.aop.framework.Advised.isPreFiltered()
2025-05-04 15:00:45 [main] TRACE o.s.aop.framework.CglibAopProxy - Method is declared on Advised interface: public abstract void org.springframework.aop.framework.Advised.addAdvisor(org.springframework.aop.Advisor) throws org.springframework.aop.framework.AopConfigException
2025-05-04 15:00:45 [main] TRACE o.s.aop.framework.CglibAopProxy - Method is declared on Advised interface: public abstract void org.springframework.aop.framework.Advised.addAdvisor(int,org.springframework.aop.Advisor) throws org.springframework.aop.framework.AopConfigException
2025-05-04 15:00:45 [main] TRACE o.s.aop.framework.CglibAopProxy - Method is declared on Advised interface: public abstract boolean org.springframework.aop.framework.Advised.removeAdvisor(org.springframework.aop.Advisor)
2025-05-04 15:00:45 [main] TRACE o.s.aop.framework.CglibAopProxy - Method is declared on Advised interface: public abstract void org.springframework.aop.framework.Advised.removeAdvisor(int) throws org.springframework.aop.framework.AopConfigException
2025-05-04 15:00:45 [main] TRACE o.s.aop.framework.CglibAopProxy - Method is declared on Advised interface: public abstract boolean org.springframework.aop.framework.Advised.replaceAdvisor(org.springframework.aop.Advisor,org.springframework.aop.Advisor) throws org.springframework.aop.framework.AopConfigException
2025-05-04 15:00:45 [main] TRACE o.s.aop.framework.CglibAopProxy - Method is declared on Advised interface: public abstract void org.springframework.aop.framework.Advised.addAdvice(int,org.aopalliance.aop.Advice) throws org.springframework.aop.framework.AopConfigException
2025-05-04 15:00:45 [main] TRACE o.s.aop.framework.CglibAopProxy - Method is declared on Advised interface: public abstract void org.springframework.aop.framework.Advised.addAdvice(org.aopalliance.aop.Advice) throws org.springframework.aop.framework.AopConfigException
2025-05-04 15:00:45 [main] TRACE o.s.aop.framework.CglibAopProxy - Method is declared on Advised interface: public abstract boolean org.springframework.aop.framework.Advised.removeAdvice(org.aopalliance.aop.Advice)
2025-05-04 15:00:45 [main] TRACE o.s.aop.framework.CglibAopProxy - Method is declared on Advised interface: public abstract java.lang.String org.springframework.aop.framework.Advised.toProxyConfigString()
2025-05-04 15:00:45 [main] TRACE o.s.aop.framework.CglibAopProxy - Method is declared on Advised interface: public abstract java.lang.Class org.springframework.aop.TargetClassAware.getTargetClass()
2025-05-04 15:00:45 [main] TRACE o.s.a.a.a.AnnotationAwareAspectJAutoProxyCreator - Creating implicit proxy for bean 'permissionService' with 0 common interceptors and 3 specific interceptors
2025-05-04 15:00:45 [main] TRACE o.s.aop.framework.CglibAopProxy - Creating CGLIB proxy: SingletonTargetSource for target object [codegym.c10.hotel.service.permission.PermissionService@45871259]
2025-05-04 15:00:45 [main] TRACE o.s.aop.framework.CglibAopProxy - Unable to apply any optimizations to advised method: public java.util.Optional codegym.c10.hotel.service.permission.PermissionService.findById(java.lang.Long)
2025-05-04 15:00:45 [main] TRACE o.s.aop.framework.CglibAopProxy - Unable to apply any optimizations to advised method: public org.springframework.data.domain.Page codegym.c10.hotel.service.permission.PermissionService.findAll(org.springframework.data.domain.Pageable)
2025-05-04 15:00:45 [main] TRACE o.s.aop.framework.CglibAopProxy - Unable to apply any optimizations to advised method: public java.util.Optional codegym.c10.hotel.service.permission.PermissionService.findByName(java.lang.String)
2025-05-04 15:00:45 [main] TRACE o.s.aop.framework.CglibAopProxy - Unable to apply any optimizations to advised method: public codegym.c10.hotel.dto.PermissionDto codegym.c10.hotel.service.permission.PermissionService.createPermission(codegym.c10.hotel.dto.PermissionDto)
2025-05-04 15:00:45 [main] TRACE o.s.aop.framework.CglibAopProxy - Unable to apply any optimizations to advised method: public java.util.Optional codegym.c10.hotel.service.permission.PermissionService.updatePermission(java.lang.Long,codegym.c10.hotel.dto.PermissionDto)
2025-05-04 15:00:45 [main] TRACE o.s.aop.framework.CglibAopProxy - Unable to apply any optimizations to advised method: public boolean codegym.c10.hotel.service.permission.PermissionService.deletePermission(java.lang.Long)
2025-05-04 15:00:45 [main] TRACE o.s.aop.framework.CglibAopProxy - Found 'equals' method: public boolean java.lang.Object.equals(java.lang.Object)
2025-05-04 15:00:45 [main] TRACE o.s.aop.framework.CglibAopProxy - Unable to apply any optimizations to advised method: public java.lang.String java.lang.Object.toString()
2025-05-04 15:00:45 [main] TRACE o.s.aop.framework.CglibAopProxy - Found 'hashCode' method: public native int java.lang.Object.hashCode()
2025-05-04 15:00:45 [main] TRACE o.s.aop.framework.CglibAopProxy - Unable to apply any optimizations to advised method: protected native java.lang.Object java.lang.Object.clone() throws java.lang.CloneNotSupportedException
2025-05-04 15:00:45 [main] TRACE o.s.aop.framework.CglibAopProxy - Method is declared on Advised interface: public abstract int org.springframework.aop.framework.Advised.indexOf(org.springframework.aop.Advisor)
2025-05-04 15:00:45 [main] TRACE o.s.aop.framework.CglibAopProxy - Method is declared on Advised interface: public abstract int org.springframework.aop.framework.Advised.indexOf(org.aopalliance.aop.Advice)
2025-05-04 15:00:45 [main] TRACE o.s.aop.framework.CglibAopProxy - Method is declared on Advised interface: public abstract boolean org.springframework.aop.framework.Advised.isFrozen()
2025-05-04 15:00:45 [main] TRACE o.s.aop.framework.CglibAopProxy - Method is declared on Advised interface: public abstract org.springframework.aop.TargetSource org.springframework.aop.framework.Advised.getTargetSource()
2025-05-04 15:00:45 [main] TRACE o.s.aop.framework.CglibAopProxy - Method is declared on Advised interface: public abstract java.lang.Class[] org.springframework.aop.framework.Advised.getProxiedInterfaces()
2025-05-04 15:00:45 [main] TRACE o.s.aop.framework.CglibAopProxy - Method is declared on Advised interface: public abstract boolean org.springframework.aop.framework.Advised.isInterfaceProxied(java.lang.Class)
2025-05-04 15:00:45 [main] TRACE o.s.aop.framework.CglibAopProxy - Method is declared on Advised interface: public default int org.springframework.aop.framework.Advised.getAdvisorCount()
2025-05-04 15:00:45 [main] TRACE o.s.aop.framework.CglibAopProxy - Method is declared on Advised interface: public abstract org.springframework.aop.Advisor[] org.springframework.aop.framework.Advised.getAdvisors()
2025-05-04 15:00:45 [main] TRACE o.s.aop.framework.CglibAopProxy - Method is declared on Advised interface: public abstract boolean org.springframework.aop.framework.Advised.isProxyTargetClass()
2025-05-04 15:00:45 [main] TRACE o.s.aop.framework.CglibAopProxy - Method is declared on Advised interface: public abstract void org.springframework.aop.framework.Advised.setTargetSource(org.springframework.aop.TargetSource)
2025-05-04 15:00:45 [main] TRACE o.s.aop.framework.CglibAopProxy - Method is declared on Advised interface: public abstract void org.springframework.aop.framework.Advised.setExposeProxy(boolean)
2025-05-04 15:00:45 [main] TRACE o.s.aop.framework.CglibAopProxy - Method is declared on Advised interface: public abstract boolean org.springframework.aop.framework.Advised.isExposeProxy()
2025-05-04 15:00:45 [main] TRACE o.s.aop.framework.CglibAopProxy - Method is declared on Advised interface: public abstract void org.springframework.aop.framework.Advised.setPreFiltered(boolean)
2025-05-04 15:00:45 [main] TRACE o.s.aop.framework.CglibAopProxy - Method is declared on Advised interface: public abstract boolean org.springframework.aop.framework.Advised.isPreFiltered()
2025-05-04 15:00:45 [main] TRACE o.s.aop.framework.CglibAopProxy - Method is declared on Advised interface: public abstract void org.springframework.aop.framework.Advised.addAdvisor(org.springframework.aop.Advisor) throws org.springframework.aop.framework.AopConfigException
2025-05-04 15:00:45 [main] TRACE o.s.aop.framework.CglibAopProxy - Method is declared on Advised interface: public abstract void org.springframework.aop.framework.Advised.addAdvisor(int,org.springframework.aop.Advisor) throws org.springframework.aop.framework.AopConfigException
2025-05-04 15:00:45 [main] TRACE o.s.aop.framework.CglibAopProxy - Method is declared on Advised interface: public abstract boolean org.springframework.aop.framework.Advised.removeAdvisor(org.springframework.aop.Advisor)
2025-05-04 15:00:45 [main] TRACE o.s.aop.framework.CglibAopProxy - Method is declared on Advised interface: public abstract void org.springframework.aop.framework.Advised.removeAdvisor(int) throws org.springframework.aop.framework.AopConfigException
2025-05-04 15:00:45 [main] TRACE o.s.aop.framework.CglibAopProxy - Method is declared on Advised interface: public abstract boolean org.springframework.aop.framework.Advised.replaceAdvisor(org.springframework.aop.Advisor,org.springframework.aop.Advisor) throws org.springframework.aop.framework.AopConfigException
2025-05-04 15:00:45 [main] TRACE o.s.aop.framework.CglibAopProxy - Method is declared on Advised interface: public abstract void org.springframework.aop.framework.Advised.addAdvice(int,org.aopalliance.aop.Advice) throws org.springframework.aop.framework.AopConfigException
2025-05-04 15:00:45 [main] TRACE o.s.aop.framework.CglibAopProxy - Method is declared on Advised interface: public abstract void org.springframework.aop.framework.Advised.addAdvice(org.aopalliance.aop.Advice) throws org.springframework.aop.framework.AopConfigException
2025-05-04 15:00:45 [main] TRACE o.s.aop.framework.CglibAopProxy - Method is declared on Advised interface: public abstract boolean org.springframework.aop.framework.Advised.removeAdvice(org.aopalliance.aop.Advice)
2025-05-04 15:00:45 [main] TRACE o.s.aop.framework.CglibAopProxy - Method is declared on Advised interface: public abstract java.lang.String org.springframework.aop.framework.Advised.toProxyConfigString()
2025-05-04 15:00:45 [main] TRACE o.s.aop.framework.CglibAopProxy - Method is declared on Advised interface: public abstract java.lang.Class org.springframework.aop.TargetClassAware.getTargetClass()
2025-05-04 15:00:45 [main] TRACE o.s.a.a.a.AnnotationAwareAspectJAutoProxyCreator - Creating implicit proxy for bean 'roleService' with 0 common interceptors and 3 specific interceptors
2025-05-04 15:00:45 [main] TRACE o.s.aop.framework.CglibAopProxy - Creating CGLIB proxy: SingletonTargetSource for target object [codegym.c10.hotel.service.role.RoleService@611f6bfc]
2025-05-04 15:00:45 [main] TRACE o.s.aop.framework.CglibAopProxy - Unable to apply any optimizations to advised method: public java.util.Optional codegym.c10.hotel.service.role.RoleService.findById(java.lang.Long)
2025-05-04 15:00:45 [main] TRACE o.s.aop.framework.CglibAopProxy - Unable to apply any optimizations to advised method: public org.springframework.data.domain.Page codegym.c10.hotel.service.role.RoleService.findAll(org.springframework.data.domain.Pageable)
2025-05-04 15:00:45 [main] TRACE o.s.aop.framework.CglibAopProxy - Unable to apply any optimizations to advised method: public java.util.Optional codegym.c10.hotel.service.role.RoleService.findByName(java.lang.String)
2025-05-04 15:00:45 [main] TRACE o.s.aop.framework.CglibAopProxy - Unable to apply any optimizations to advised method: public codegym.c10.hotel.dto.RoleDto codegym.c10.hotel.service.role.RoleService.createRole(codegym.c10.hotel.dto.RoleDto)
2025-05-04 15:00:45 [main] TRACE o.s.aop.framework.CglibAopProxy - Unable to apply any optimizations to advised method: public java.util.Optional codegym.c10.hotel.service.role.RoleService.updateRole(java.lang.Long,codegym.c10.hotel.dto.RoleDto)
2025-05-04 15:00:45 [main] TRACE o.s.aop.framework.CglibAopProxy - Unable to apply any optimizations to advised method: public boolean codegym.c10.hotel.service.role.RoleService.deleteRole(java.lang.Long)
2025-05-04 15:00:45 [main] TRACE o.s.aop.framework.CglibAopProxy - Unable to apply any optimizations to advised method: public boolean codegym.c10.hotel.service.role.RoleService.addPermissionToRole(java.lang.Long,java.lang.Long)
2025-05-04 15:00:45 [main] TRACE o.s.aop.framework.CglibAopProxy - Unable to apply any optimizations to advised method: public boolean codegym.c10.hotel.service.role.RoleService.removePermissionFromRole(java.lang.Long,java.lang.Long)
2025-05-04 15:00:45 [main] TRACE o.s.aop.framework.CglibAopProxy - Found 'equals' method: public boolean java.lang.Object.equals(java.lang.Object)
2025-05-04 15:00:45 [main] TRACE o.s.aop.framework.CglibAopProxy - Unable to apply any optimizations to advised method: public java.lang.String java.lang.Object.toString()
2025-05-04 15:00:45 [main] TRACE o.s.aop.framework.CglibAopProxy - Found 'hashCode' method: public native int java.lang.Object.hashCode()
2025-05-04 15:00:45 [main] TRACE o.s.aop.framework.CglibAopProxy - Unable to apply any optimizations to advised method: protected native java.lang.Object java.lang.Object.clone() throws java.lang.CloneNotSupportedException
2025-05-04 15:00:45 [main] TRACE o.s.aop.framework.CglibAopProxy - Method is declared on Advised interface: public abstract int org.springframework.aop.framework.Advised.indexOf(org.springframework.aop.Advisor)
2025-05-04 15:00:45 [main] TRACE o.s.aop.framework.CglibAopProxy - Method is declared on Advised interface: public abstract int org.springframework.aop.framework.Advised.indexOf(org.aopalliance.aop.Advice)
2025-05-04 15:00:45 [main] TRACE o.s.aop.framework.CglibAopProxy - Method is declared on Advised interface: public abstract boolean org.springframework.aop.framework.Advised.isFrozen()
2025-05-04 15:00:45 [main] TRACE o.s.aop.framework.CglibAopProxy - Method is declared on Advised interface: public abstract org.springframework.aop.TargetSource org.springframework.aop.framework.Advised.getTargetSource()
2025-05-04 15:00:45 [main] TRACE o.s.aop.framework.CglibAopProxy - Method is declared on Advised interface: public abstract java.lang.Class[] org.springframework.aop.framework.Advised.getProxiedInterfaces()
2025-05-04 15:00:45 [main] TRACE o.s.aop.framework.CglibAopProxy - Method is declared on Advised interface: public abstract boolean org.springframework.aop.framework.Advised.isInterfaceProxied(java.lang.Class)
2025-05-04 15:00:45 [main] TRACE o.s.aop.framework.CglibAopProxy - Method is declared on Advised interface: public default int org.springframework.aop.framework.Advised.getAdvisorCount()
2025-05-04 15:00:45 [main] TRACE o.s.aop.framework.CglibAopProxy - Method is declared on Advised interface: public abstract org.springframework.aop.Advisor[] org.springframework.aop.framework.Advised.getAdvisors()
2025-05-04 15:00:45 [main] TRACE o.s.aop.framework.CglibAopProxy - Method is declared on Advised interface: public abstract boolean org.springframework.aop.framework.Advised.isProxyTargetClass()
2025-05-04 15:00:45 [main] TRACE o.s.aop.framework.CglibAopProxy - Method is declared on Advised interface: public abstract void org.springframework.aop.framework.Advised.setTargetSource(org.springframework.aop.TargetSource)
2025-05-04 15:00:45 [main] TRACE o.s.aop.framework.CglibAopProxy - Method is declared on Advised interface: public abstract void org.springframework.aop.framework.Advised.setExposeProxy(boolean)
2025-05-04 15:00:45 [main] TRACE o.s.aop.framework.CglibAopProxy - Method is declared on Advised interface: public abstract boolean org.springframework.aop.framework.Advised.isExposeProxy()
2025-05-04 15:00:45 [main] TRACE o.s.aop.framework.CglibAopProxy - Method is declared on Advised interface: public abstract void org.springframework.aop.framework.Advised.setPreFiltered(boolean)
2025-05-04 15:00:45 [main] TRACE o.s.aop.framework.CglibAopProxy - Method is declared on Advised interface: public abstract boolean org.springframework.aop.framework.Advised.isPreFiltered()
2025-05-04 15:00:45 [main] TRACE o.s.aop.framework.CglibAopProxy - Method is declared on Advised interface: public abstract void org.springframework.aop.framework.Advised.addAdvisor(org.springframework.aop.Advisor) throws org.springframework.aop.framework.AopConfigException
2025-05-04 15:00:45 [main] TRACE o.s.aop.framework.CglibAopProxy - Method is declared on Advised interface: public abstract void org.springframework.aop.framework.Advised.addAdvisor(int,org.springframework.aop.Advisor) throws org.springframework.aop.framework.AopConfigException
2025-05-04 15:00:45 [main] TRACE o.s.aop.framework.CglibAopProxy - Method is declared on Advised interface: public abstract boolean org.springframework.aop.framework.Advised.removeAdvisor(org.springframework.aop.Advisor)
2025-05-04 15:00:45 [main] TRACE o.s.aop.framework.CglibAopProxy - Method is declared on Advised interface: public abstract void org.springframework.aop.framework.Advised.removeAdvisor(int) throws org.springframework.aop.framework.AopConfigException
2025-05-04 15:00:45 [main] TRACE o.s.aop.framework.CglibAopProxy - Method is declared on Advised interface: public abstract boolean org.springframework.aop.framework.Advised.replaceAdvisor(org.springframework.aop.Advisor,org.springframework.aop.Advisor) throws org.springframework.aop.framework.AopConfigException
2025-05-04 15:00:45 [main] TRACE o.s.aop.framework.CglibAopProxy - Method is declared on Advised interface: public abstract void org.springframework.aop.framework.Advised.addAdvice(int,org.aopalliance.aop.Advice) throws org.springframework.aop.framework.AopConfigException
2025-05-04 15:00:45 [main] TRACE o.s.aop.framework.CglibAopProxy - Method is declared on Advised interface: public abstract void org.springframework.aop.framework.Advised.addAdvice(org.aopalliance.aop.Advice) throws org.springframework.aop.framework.AopConfigException
2025-05-04 15:00:45 [main] TRACE o.s.aop.framework.CglibAopProxy - Method is declared on Advised interface: public abstract boolean org.springframework.aop.framework.Advised.removeAdvice(org.aopalliance.aop.Advice)
2025-05-04 15:00:45 [main] TRACE o.s.aop.framework.CglibAopProxy - Method is declared on Advised interface: public abstract java.lang.String org.springframework.aop.framework.Advised.toProxyConfigString()
2025-05-04 15:00:45 [main] TRACE o.s.aop.framework.CglibAopProxy - Method is declared on Advised interface: public abstract java.lang.Class org.springframework.aop.TargetClassAware.getTargetClass()
2025-05-04 15:00:45 [main] TRACE o.s.a.a.a.AnnotationAwareAspectJAutoProxyCreator - Creating implicit proxy for bean 'roleController' with 0 common interceptors and 1 specific interceptors
2025-05-04 15:00:45 [main] TRACE o.s.aop.framework.CglibAopProxy - Creating CGLIB proxy: SingletonTargetSource for target object [codegym.c10.hotel.controller.RoleController@44dd4f16]
2025-05-04 15:00:45 [main] TRACE o.s.aop.framework.CglibAopProxy - Unable to apply any optimizations to advised method: public org.springframework.http.ResponseEntity codegym.c10.hotel.controller.RoleController.getAllRoles(org.springframework.data.domain.Pageable)
2025-05-04 15:00:45 [main] TRACE o.s.aop.framework.CglibAopProxy - Unable to apply any optimizations to advised method: public org.springframework.http.ResponseEntity codegym.c10.hotel.controller.RoleController.createRole(codegym.c10.hotel.dto.RoleDto)
2025-05-04 15:00:45 [main] TRACE o.s.aop.framework.CglibAopProxy - Unable to apply any optimizations to advised method: public org.springframework.http.ResponseEntity codegym.c10.hotel.controller.RoleController.updateRole(java.lang.Long,codegym.c10.hotel.dto.RoleDto)
2025-05-04 15:00:45 [main] TRACE o.s.aop.framework.CglibAopProxy - Unable to apply any optimizations to advised method: public org.springframework.http.ResponseEntity codegym.c10.hotel.controller.RoleController.deleteRole(java.lang.Long)
2025-05-04 15:00:45 [main] TRACE o.s.aop.framework.CglibAopProxy - Unable to apply any optimizations to advised method: public org.springframework.http.ResponseEntity codegym.c10.hotel.controller.RoleController.addPermissionToRole(java.lang.Long,java.lang.Long)
2025-05-04 15:00:45 [main] TRACE o.s.aop.framework.CglibAopProxy - Unable to apply any optimizations to advised method: public org.springframework.http.ResponseEntity codegym.c10.hotel.controller.RoleController.removePermissionFromRole(java.lang.Long,java.lang.Long)
2025-05-04 15:00:45 [main] TRACE o.s.aop.framework.CglibAopProxy - Unable to apply any optimizations to advised method: public org.springframework.http.ResponseEntity codegym.c10.hotel.controller.RoleController.getRoleById(java.lang.Long)
2025-05-04 15:00:45 [main] TRACE o.s.aop.framework.CglibAopProxy - Found 'equals' method: public boolean java.lang.Object.equals(java.lang.Object)
2025-05-04 15:00:45 [main] TRACE o.s.aop.framework.CglibAopProxy - Unable to apply any optimizations to advised method: public java.lang.String java.lang.Object.toString()
2025-05-04 15:00:45 [main] TRACE o.s.aop.framework.CglibAopProxy - Found 'hashCode' method: public native int java.lang.Object.hashCode()
2025-05-04 15:00:45 [main] TRACE o.s.aop.framework.CglibAopProxy - Unable to apply any optimizations to advised method: protected native java.lang.Object java.lang.Object.clone() throws java.lang.CloneNotSupportedException
2025-05-04 15:00:45 [main] TRACE o.s.aop.framework.CglibAopProxy - Method is declared on Advised interface: public abstract int org.springframework.aop.framework.Advised.indexOf(org.springframework.aop.Advisor)
2025-05-04 15:00:45 [main] TRACE o.s.aop.framework.CglibAopProxy - Method is declared on Advised interface: public abstract int org.springframework.aop.framework.Advised.indexOf(org.aopalliance.aop.Advice)
2025-05-04 15:00:45 [main] TRACE o.s.aop.framework.CglibAopProxy - Method is declared on Advised interface: public abstract boolean org.springframework.aop.framework.Advised.isFrozen()
2025-05-04 15:00:45 [main] TRACE o.s.aop.framework.CglibAopProxy - Method is declared on Advised interface: public abstract org.springframework.aop.TargetSource org.springframework.aop.framework.Advised.getTargetSource()
2025-05-04 15:00:45 [main] TRACE o.s.aop.framework.CglibAopProxy - Method is declared on Advised interface: public abstract java.lang.Class[] org.springframework.aop.framework.Advised.getProxiedInterfaces()
2025-05-04 15:00:45 [main] TRACE o.s.aop.framework.CglibAopProxy - Method is declared on Advised interface: public abstract boolean org.springframework.aop.framework.Advised.isInterfaceProxied(java.lang.Class)
2025-05-04 15:00:45 [main] TRACE o.s.aop.framework.CglibAopProxy - Method is declared on Advised interface: public default int org.springframework.aop.framework.Advised.getAdvisorCount()
2025-05-04 15:00:45 [main] TRACE o.s.aop.framework.CglibAopProxy - Method is declared on Advised interface: public abstract org.springframework.aop.Advisor[] org.springframework.aop.framework.Advised.getAdvisors()
2025-05-04 15:00:45 [main] TRACE o.s.aop.framework.CglibAopProxy - Method is declared on Advised interface: public abstract boolean org.springframework.aop.framework.Advised.isProxyTargetClass()
2025-05-04 15:00:45 [main] TRACE o.s.aop.framework.CglibAopProxy - Method is declared on Advised interface: public abstract void org.springframework.aop.framework.Advised.setTargetSource(org.springframework.aop.TargetSource)
2025-05-04 15:00:45 [main] TRACE o.s.aop.framework.CglibAopProxy - Method is declared on Advised interface: public abstract void org.springframework.aop.framework.Advised.setExposeProxy(boolean)
2025-05-04 15:00:45 [main] TRACE o.s.aop.framework.CglibAopProxy - Method is declared on Advised interface: public abstract boolean org.springframework.aop.framework.Advised.isExposeProxy()
2025-05-04 15:00:45 [main] TRACE o.s.aop.framework.CglibAopProxy - Method is declared on Advised interface: public abstract void org.springframework.aop.framework.Advised.setPreFiltered(boolean)
2025-05-04 15:00:45 [main] TRACE o.s.aop.framework.CglibAopProxy - Method is declared on Advised interface: public abstract boolean org.springframework.aop.framework.Advised.isPreFiltered()
2025-05-04 15:00:45 [main] TRACE o.s.aop.framework.CglibAopProxy - Method is declared on Advised interface: public abstract void org.springframework.aop.framework.Advised.addAdvisor(org.springframework.aop.Advisor) throws org.springframework.aop.framework.AopConfigException
2025-05-04 15:00:45 [main] TRACE o.s.aop.framework.CglibAopProxy - Method is declared on Advised interface: public abstract void org.springframework.aop.framework.Advised.addAdvisor(int,org.springframework.aop.Advisor) throws org.springframework.aop.framework.AopConfigException
2025-05-04 15:00:45 [main] TRACE o.s.aop.framework.CglibAopProxy - Method is declared on Advised interface: public abstract boolean org.springframework.aop.framework.Advised.removeAdvisor(org.springframework.aop.Advisor)
2025-05-04 15:00:45 [main] TRACE o.s.aop.framework.CglibAopProxy - Method is declared on Advised interface: public abstract void org.springframework.aop.framework.Advised.removeAdvisor(int) throws org.springframework.aop.framework.AopConfigException
2025-05-04 15:00:45 [main] TRACE o.s.aop.framework.CglibAopProxy - Method is declared on Advised interface: public abstract boolean org.springframework.aop.framework.Advised.replaceAdvisor(org.springframework.aop.Advisor,org.springframework.aop.Advisor) throws org.springframework.aop.framework.AopConfigException
2025-05-04 15:00:45 [main] TRACE o.s.aop.framework.CglibAopProxy - Method is declared on Advised interface: public abstract void org.springframework.aop.framework.Advised.addAdvice(int,org.aopalliance.aop.Advice) throws org.springframework.aop.framework.AopConfigException
2025-05-04 15:00:45 [main] TRACE o.s.aop.framework.CglibAopProxy - Method is declared on Advised interface: public abstract void org.springframework.aop.framework.Advised.addAdvice(org.aopalliance.aop.Advice) throws org.springframework.aop.framework.AopConfigException
2025-05-04 15:00:45 [main] TRACE o.s.aop.framework.CglibAopProxy - Method is declared on Advised interface: public abstract boolean org.springframework.aop.framework.Advised.removeAdvice(org.aopalliance.aop.Advice)
2025-05-04 15:00:45 [main] TRACE o.s.aop.framework.CglibAopProxy - Method is declared on Advised interface: public abstract java.lang.String org.springframework.aop.framework.Advised.toProxyConfigString()
2025-05-04 15:00:45 [main] TRACE o.s.aop.framework.CglibAopProxy - Method is declared on Advised interface: public abstract java.lang.Class org.springframework.aop.TargetClassAware.getTargetClass()
2025-05-04 15:00:45 [main] TRACE o.s.a.a.a.AnnotationAwareAspectJAutoProxyCreator - Creating implicit proxy for bean 'roomCategoryServiceImpl' with 0 common interceptors and 3 specific interceptors
2025-05-04 15:00:45 [main] TRACE o.s.aop.framework.CglibAopProxy - Creating CGLIB proxy: SingletonTargetSource for target object [codegym.c10.hotel.service.impl.RoomCategoryServiceImpl@2479a21f]
2025-05-04 15:00:45 [main] TRACE o.s.aop.framework.CglibAopProxy - Unable to apply any optimizations to advised method: public java.util.Optional codegym.c10.hotel.service.impl.RoomCategoryServiceImpl.findById(java.lang.Long)
2025-05-04 15:00:45 [main] TRACE o.s.aop.framework.CglibAopProxy - Unable to apply any optimizations to advised method: public boolean codegym.c10.hotel.service.impl.RoomCategoryServiceImpl.existsById(java.lang.Long)
2025-05-04 15:00:45 [main] TRACE o.s.aop.framework.CglibAopProxy - Unable to apply any optimizations to advised method: public void codegym.c10.hotel.service.impl.RoomCategoryServiceImpl.remove(java.lang.Long)
2025-05-04 15:00:45 [main] TRACE o.s.aop.framework.CglibAopProxy - Unable to apply any optimizations to advised method: public codegym.c10.hotel.entity.RoomCategory codegym.c10.hotel.service.impl.RoomCategoryServiceImpl.update(codegym.c10.hotel.entity.RoomCategory)
2025-05-04 15:00:45 [main] TRACE o.s.aop.framework.CglibAopProxy - Unable to apply any optimizations to advised method: public codegym.c10.hotel.entity.RoomCategory codegym.c10.hotel.service.impl.RoomCategoryServiceImpl.save(codegym.c10.hotel.entity.RoomCategory)
2025-05-04 15:00:45 [main] TRACE o.s.aop.framework.CglibAopProxy - Unable to apply any optimizations to advised method: public java.lang.Iterable codegym.c10.hotel.service.impl.RoomCategoryServiceImpl.findAll()
2025-05-04 15:00:45 [main] TRACE o.s.aop.framework.CglibAopProxy - Unable to apply any optimizations to advised method: public org.springframework.data.domain.Page codegym.c10.hotel.service.impl.RoomCategoryServiceImpl.advancedSearch(java.lang.String,codegym.c10.hotel.eNum.RoomCategoryStatus,java.lang.Double,java.lang.Double,java.lang.Double,java.lang.Double,java.lang.Double,java.lang.Double,org.springframework.data.domain.Pageable)
2025-05-04 15:00:45 [main] TRACE o.s.aop.framework.CglibAopProxy - Unable to apply any optimizations to advised method: public boolean codegym.c10.hotel.service.impl.RoomCategoryServiceImpl.existsByCode(java.lang.String)
2025-05-04 15:00:45 [main] TRACE o.s.aop.framework.CglibAopProxy - Unable to apply any optimizations to advised method: public boolean codegym.c10.hotel.service.impl.RoomCategoryServiceImpl.existsByCodeAndIdNot(java.lang.String,java.lang.Long)
2025-05-04 15:00:45 [main] TRACE o.s.aop.framework.CglibAopProxy - Found 'equals' method: public boolean java.lang.Object.equals(java.lang.Object)
2025-05-04 15:00:45 [main] TRACE o.s.aop.framework.CglibAopProxy - Unable to apply any optimizations to advised method: public java.lang.String java.lang.Object.toString()
2025-05-04 15:00:45 [main] TRACE o.s.aop.framework.CglibAopProxy - Found 'hashCode' method: public native int java.lang.Object.hashCode()
2025-05-04 15:00:45 [main] TRACE o.s.aop.framework.CglibAopProxy - Unable to apply any optimizations to advised method: protected native java.lang.Object java.lang.Object.clone() throws java.lang.CloneNotSupportedException
2025-05-04 15:00:45 [main] TRACE o.s.aop.framework.CglibAopProxy - Method is declared on Advised interface: public abstract int org.springframework.aop.framework.Advised.indexOf(org.springframework.aop.Advisor)
2025-05-04 15:00:45 [main] TRACE o.s.aop.framework.CglibAopProxy - Method is declared on Advised interface: public abstract int org.springframework.aop.framework.Advised.indexOf(org.aopalliance.aop.Advice)
2025-05-04 15:00:45 [main] TRACE o.s.aop.framework.CglibAopProxy - Method is declared on Advised interface: public abstract boolean org.springframework.aop.framework.Advised.isFrozen()
2025-05-04 15:00:45 [main] TRACE o.s.aop.framework.CglibAopProxy - Method is declared on Advised interface: public abstract org.springframework.aop.TargetSource org.springframework.aop.framework.Advised.getTargetSource()
2025-05-04 15:00:45 [main] TRACE o.s.aop.framework.CglibAopProxy - Method is declared on Advised interface: public abstract java.lang.Class[] org.springframework.aop.framework.Advised.getProxiedInterfaces()
2025-05-04 15:00:45 [main] TRACE o.s.aop.framework.CglibAopProxy - Method is declared on Advised interface: public abstract boolean org.springframework.aop.framework.Advised.isInterfaceProxied(java.lang.Class)
2025-05-04 15:00:45 [main] TRACE o.s.aop.framework.CglibAopProxy - Method is declared on Advised interface: public default int org.springframework.aop.framework.Advised.getAdvisorCount()
2025-05-04 15:00:45 [main] TRACE o.s.aop.framework.CglibAopProxy - Method is declared on Advised interface: public abstract org.springframework.aop.Advisor[] org.springframework.aop.framework.Advised.getAdvisors()
2025-05-04 15:00:45 [main] TRACE o.s.aop.framework.CglibAopProxy - Method is declared on Advised interface: public abstract boolean org.springframework.aop.framework.Advised.isProxyTargetClass()
2025-05-04 15:00:45 [main] TRACE o.s.aop.framework.CglibAopProxy - Method is declared on Advised interface: public abstract void org.springframework.aop.framework.Advised.setTargetSource(org.springframework.aop.TargetSource)
2025-05-04 15:00:45 [main] TRACE o.s.aop.framework.CglibAopProxy - Method is declared on Advised interface: public abstract void org.springframework.aop.framework.Advised.setExposeProxy(boolean)
2025-05-04 15:00:45 [main] TRACE o.s.aop.framework.CglibAopProxy - Method is declared on Advised interface: public abstract boolean org.springframework.aop.framework.Advised.isExposeProxy()
2025-05-04 15:00:45 [main] TRACE o.s.aop.framework.CglibAopProxy - Method is declared on Advised interface: public abstract void org.springframework.aop.framework.Advised.setPreFiltered(boolean)
2025-05-04 15:00:45 [main] TRACE o.s.aop.framework.CglibAopProxy - Method is declared on Advised interface: public abstract boolean org.springframework.aop.framework.Advised.isPreFiltered()
2025-05-04 15:00:45 [main] TRACE o.s.aop.framework.CglibAopProxy - Method is declared on Advised interface: public abstract void org.springframework.aop.framework.Advised.addAdvisor(org.springframework.aop.Advisor) throws org.springframework.aop.framework.AopConfigException
2025-05-04 15:00:45 [main] TRACE o.s.aop.framework.CglibAopProxy - Method is declared on Advised interface: public abstract void org.springframework.aop.framework.Advised.addAdvisor(int,org.springframework.aop.Advisor) throws org.springframework.aop.framework.AopConfigException
2025-05-04 15:00:45 [main] TRACE o.s.aop.framework.CglibAopProxy - Method is declared on Advised interface: public abstract boolean org.springframework.aop.framework.Advised.removeAdvisor(org.springframework.aop.Advisor)
2025-05-04 15:00:45 [main] TRACE o.s.aop.framework.CglibAopProxy - Method is declared on Advised interface: public abstract void org.springframework.aop.framework.Advised.removeAdvisor(int) throws org.springframework.aop.framework.AopConfigException
2025-05-04 15:00:45 [main] TRACE o.s.aop.framework.CglibAopProxy - Method is declared on Advised interface: public abstract boolean org.springframework.aop.framework.Advised.replaceAdvisor(org.springframework.aop.Advisor,org.springframework.aop.Advisor) throws org.springframework.aop.framework.AopConfigException
2025-05-04 15:00:45 [main] TRACE o.s.aop.framework.CglibAopProxy - Method is declared on Advised interface: public abstract void org.springframework.aop.framework.Advised.addAdvice(int,org.aopalliance.aop.Advice) throws org.springframework.aop.framework.AopConfigException
2025-05-04 15:00:45 [main] TRACE o.s.aop.framework.CglibAopProxy - Method is declared on Advised interface: public abstract void org.springframework.aop.framework.Advised.addAdvice(org.aopalliance.aop.Advice) throws org.springframework.aop.framework.AopConfigException
2025-05-04 15:00:45 [main] TRACE o.s.aop.framework.CglibAopProxy - Method is declared on Advised interface: public abstract boolean org.springframework.aop.framework.Advised.removeAdvice(org.aopalliance.aop.Advice)
2025-05-04 15:00:45 [main] TRACE o.s.aop.framework.CglibAopProxy - Method is declared on Advised interface: public abstract java.lang.String org.springframework.aop.framework.Advised.toProxyConfigString()
2025-05-04 15:00:45 [main] TRACE o.s.aop.framework.CglibAopProxy - Method is declared on Advised interface: public abstract java.lang.Class org.springframework.aop.TargetClassAware.getTargetClass()
2025-05-04 15:00:45 [main] TRACE o.s.a.a.a.AnnotationAwareAspectJAutoProxyCreator - Creating implicit proxy for bean 'roomCategoryController' with 0 common interceptors and 1 specific interceptors
2025-05-04 15:00:45 [main] TRACE o.s.aop.framework.CglibAopProxy - Creating CGLIB proxy: SingletonTargetSource for target object [codegym.c10.hotel.controller.RoomCategoryController@6e1b56ad]
2025-05-04 15:00:45 [main] TRACE o.s.aop.framework.CglibAopProxy - Unable to apply any optimizations to advised method: public org.springframework.http.ResponseEntity codegym.c10.hotel.controller.RoomCategoryController.createRoomCategory(java.lang.String,org.springframework.validation.BindingResult,org.springframework.web.multipart.MultipartFile)
2025-05-04 15:00:45 [main] TRACE o.s.aop.framework.CglibAopProxy - Unable to apply any optimizations to advised method: public org.springframework.http.ResponseEntity codegym.c10.hotel.controller.RoomCategoryController.updateRoomCategory(java.lang.Long,java.lang.String,org.springframework.validation.BindingResult,org.springframework.web.multipart.MultipartFile)
2025-05-04 15:00:45 [main] TRACE o.s.aop.framework.CglibAopProxy - Unable to apply any optimizations to advised method: public org.springframework.http.ResponseEntity codegym.c10.hotel.controller.RoomCategoryController.findAllRoomCategories()
2025-05-04 15:00:45 [main] TRACE o.s.aop.framework.CglibAopProxy - Unable to apply any optimizations to advised method: public org.springframework.http.ResponseEntity codegym.c10.hotel.controller.RoomCategoryController.searchRoomCategories(java.lang.String,codegym.c10.hotel.eNum.RoomCategoryStatus,java.lang.Double,java.lang.Double,java.lang.Double,java.lang.Double,java.lang.Double,java.lang.Double,int,int)
2025-05-04 15:00:45 [main] TRACE o.s.aop.framework.CglibAopProxy - Unable to apply any optimizations to advised method: public org.springframework.http.ResponseEntity codegym.c10.hotel.controller.RoomCategoryController.removeRoomCategory(java.lang.Long)
2025-05-04 15:00:45 [main] TRACE o.s.aop.framework.CglibAopProxy - Unable to apply any optimizations to advised method: public org.springframework.http.ResponseEntity codegym.c10.hotel.controller.RoomCategoryController.getRoomCategoryById(java.lang.Long)
2025-05-04 15:00:45 [main] TRACE o.s.aop.framework.CglibAopProxy - Found 'equals' method: public boolean java.lang.Object.equals(java.lang.Object)
2025-05-04 15:00:45 [main] TRACE o.s.aop.framework.CglibAopProxy - Unable to apply any optimizations to advised method: public java.lang.String java.lang.Object.toString()
2025-05-04 15:00:45 [main] TRACE o.s.aop.framework.CglibAopProxy - Found 'hashCode' method: public native int java.lang.Object.hashCode()
2025-05-04 15:00:45 [main] TRACE o.s.aop.framework.CglibAopProxy - Unable to apply any optimizations to advised method: protected native java.lang.Object java.lang.Object.clone() throws java.lang.CloneNotSupportedException
2025-05-04 15:00:45 [main] TRACE o.s.aop.framework.CglibAopProxy - Method is declared on Advised interface: public abstract int org.springframework.aop.framework.Advised.indexOf(org.springframework.aop.Advisor)
2025-05-04 15:00:45 [main] TRACE o.s.aop.framework.CglibAopProxy - Method is declared on Advised interface: public abstract int org.springframework.aop.framework.Advised.indexOf(org.aopalliance.aop.Advice)
2025-05-04 15:00:45 [main] TRACE o.s.aop.framework.CglibAopProxy - Method is declared on Advised interface: public abstract boolean org.springframework.aop.framework.Advised.isFrozen()
2025-05-04 15:00:45 [main] TRACE o.s.aop.framework.CglibAopProxy - Method is declared on Advised interface: public abstract org.springframework.aop.TargetSource org.springframework.aop.framework.Advised.getTargetSource()
2025-05-04 15:00:45 [main] TRACE o.s.aop.framework.CglibAopProxy - Method is declared on Advised interface: public abstract java.lang.Class[] org.springframework.aop.framework.Advised.getProxiedInterfaces()
2025-05-04 15:00:45 [main] TRACE o.s.aop.framework.CglibAopProxy - Method is declared on Advised interface: public abstract boolean org.springframework.aop.framework.Advised.isInterfaceProxied(java.lang.Class)
2025-05-04 15:00:45 [main] TRACE o.s.aop.framework.CglibAopProxy - Method is declared on Advised interface: public default int org.springframework.aop.framework.Advised.getAdvisorCount()
2025-05-04 15:00:45 [main] TRACE o.s.aop.framework.CglibAopProxy - Method is declared on Advised interface: public abstract org.springframework.aop.Advisor[] org.springframework.aop.framework.Advised.getAdvisors()
2025-05-04 15:00:45 [main] TRACE o.s.aop.framework.CglibAopProxy - Method is declared on Advised interface: public abstract boolean org.springframework.aop.framework.Advised.isProxyTargetClass()
2025-05-04 15:00:45 [main] TRACE o.s.aop.framework.CglibAopProxy - Method is declared on Advised interface: public abstract void org.springframework.aop.framework.Advised.setTargetSource(org.springframework.aop.TargetSource)
2025-05-04 15:00:45 [main] TRACE o.s.aop.framework.CglibAopProxy - Method is declared on Advised interface: public abstract void org.springframework.aop.framework.Advised.setExposeProxy(boolean)
2025-05-04 15:00:45 [main] TRACE o.s.aop.framework.CglibAopProxy - Method is declared on Advised interface: public abstract boolean org.springframework.aop.framework.Advised.isExposeProxy()
2025-05-04 15:00:45 [main] TRACE o.s.aop.framework.CglibAopProxy - Method is declared on Advised interface: public abstract void org.springframework.aop.framework.Advised.setPreFiltered(boolean)
2025-05-04 15:00:45 [main] TRACE o.s.aop.framework.CglibAopProxy - Method is declared on Advised interface: public abstract boolean org.springframework.aop.framework.Advised.isPreFiltered()
2025-05-04 15:00:45 [main] TRACE o.s.aop.framework.CglibAopProxy - Method is declared on Advised interface: public abstract void org.springframework.aop.framework.Advised.addAdvisor(org.springframework.aop.Advisor) throws org.springframework.aop.framework.AopConfigException
2025-05-04 15:00:45 [main] TRACE o.s.aop.framework.CglibAopProxy - Method is declared on Advised interface: public abstract void org.springframework.aop.framework.Advised.addAdvisor(int,org.springframework.aop.Advisor) throws org.springframework.aop.framework.AopConfigException
2025-05-04 15:00:45 [main] TRACE o.s.aop.framework.CglibAopProxy - Method is declared on Advised interface: public abstract boolean org.springframework.aop.framework.Advised.removeAdvisor(org.springframework.aop.Advisor)
2025-05-04 15:00:45 [main] TRACE o.s.aop.framework.CglibAopProxy - Method is declared on Advised interface: public abstract void org.springframework.aop.framework.Advised.removeAdvisor(int) throws org.springframework.aop.framework.AopConfigException
2025-05-04 15:00:45 [main] TRACE o.s.aop.framework.CglibAopProxy - Method is declared on Advised interface: public abstract boolean org.springframework.aop.framework.Advised.replaceAdvisor(org.springframework.aop.Advisor,org.springframework.aop.Advisor) throws org.springframework.aop.framework.AopConfigException
2025-05-04 15:00:45 [main] TRACE o.s.aop.framework.CglibAopProxy - Method is declared on Advised interface: public abstract void org.springframework.aop.framework.Advised.addAdvice(int,org.aopalliance.aop.Advice) throws org.springframework.aop.framework.AopConfigException
2025-05-04 15:00:45 [main] TRACE o.s.aop.framework.CglibAopProxy - Method is declared on Advised interface: public abstract void org.springframework.aop.framework.Advised.addAdvice(org.aopalliance.aop.Advice) throws org.springframework.aop.framework.AopConfigException
2025-05-04 15:00:45 [main] TRACE o.s.aop.framework.CglibAopProxy - Method is declared on Advised interface: public abstract boolean org.springframework.aop.framework.Advised.removeAdvice(org.aopalliance.aop.Advice)
2025-05-04 15:00:45 [main] TRACE o.s.aop.framework.CglibAopProxy - Method is declared on Advised interface: public abstract java.lang.String org.springframework.aop.framework.Advised.toProxyConfigString()
2025-05-04 15:00:45 [main] TRACE o.s.aop.framework.CglibAopProxy - Method is declared on Advised interface: public abstract java.lang.Class org.springframework.aop.TargetClassAware.getTargetClass()
2025-05-04 15:00:45 [main] TRACE o.s.a.a.a.AnnotationAwareAspectJAutoProxyCreator - Creating implicit proxy for bean 'roomController' with 0 common interceptors and 1 specific interceptors
2025-05-04 15:00:45 [main] TRACE o.s.aop.framework.CglibAopProxy - Creating CGLIB proxy: SingletonTargetSource for target object [codegym.c10.hotel.controller.RoomController@1a27077c]
2025-05-04 15:00:45 [main] TRACE o.s.aop.framework.CglibAopProxy - Unable to apply any optimizations to advised method: public org.springframework.http.ResponseEntity codegym.c10.hotel.controller.RoomController.createRoom(java.lang.String,org.springframework.web.multipart.MultipartFile,org.springframework.web.multipart.MultipartFile,org.springframework.web.multipart.MultipartFile,org.springframework.web.multipart.MultipartFile,org.springframework.validation.BindingResult)
2025-05-04 15:00:45 [main] TRACE o.s.aop.framework.CglibAopProxy - Unable to apply any optimizations to advised method: public org.springframework.http.ResponseEntity codegym.c10.hotel.controller.RoomController.updateRoom(java.lang.Long,java.lang.String,org.springframework.web.multipart.MultipartFile,org.springframework.web.multipart.MultipartFile,org.springframework.web.multipart.MultipartFile,org.springframework.web.multipart.MultipartFile,org.springframework.validation.BindingResult)
2025-05-04 15:00:45 [main] TRACE o.s.aop.framework.CglibAopProxy - Unable to apply any optimizations to advised method: public org.springframework.http.ResponseEntity codegym.c10.hotel.controller.RoomController.updateRoomStatus(java.lang.Long,codegym.c10.hotel.eNum.RoomStatus)
2025-05-04 15:00:45 [main] TRACE o.s.aop.framework.CglibAopProxy - Unable to apply any optimizations to advised method: public org.springframework.http.ResponseEntity codegym.c10.hotel.controller.RoomController.updateRoomCleaningStatus(java.lang.Long)
2025-05-04 15:00:45 [main] TRACE o.s.aop.framework.CglibAopProxy - Unable to apply any optimizations to advised method: public org.springframework.http.ResponseEntity codegym.c10.hotel.controller.RoomController.getRooms(int,int)
2025-05-04 15:00:45 [main] TRACE o.s.aop.framework.CglibAopProxy - Unable to apply any optimizations to advised method: public org.springframework.http.ResponseEntity codegym.c10.hotel.controller.RoomController.getRoomById(java.lang.Long)
2025-05-04 15:00:45 [main] TRACE o.s.aop.framework.CglibAopProxy - Unable to apply any optimizations to advised method: public org.springframework.http.ResponseEntity codegym.c10.hotel.controller.RoomController.searchRooms(java.lang.String,codegym.c10.hotel.eNum.RoomStatus,java.lang.Integer,int,int)
2025-05-04 15:00:45 [main] TRACE o.s.aop.framework.CglibAopProxy - Unable to apply any optimizations to advised method: public org.springframework.http.ResponseEntity codegym.c10.hotel.controller.RoomController.removeRoom(java.lang.Long)
2025-05-04 15:00:45 [main] TRACE o.s.aop.framework.CglibAopProxy - Unable to apply any optimizations to advised method: public org.springframework.http.ResponseEntity codegym.c10.hotel.controller.RoomController.getCheckoutDueSoon(java.lang.Integer)
2025-05-04 15:00:45 [main] TRACE o.s.aop.framework.CglibAopProxy - Found 'equals' method: public boolean java.lang.Object.equals(java.lang.Object)
2025-05-04 15:00:45 [main] TRACE o.s.aop.framework.CglibAopProxy - Unable to apply any optimizations to advised method: public java.lang.String java.lang.Object.toString()
2025-05-04 15:00:45 [main] TRACE o.s.aop.framework.CglibAopProxy - Found 'hashCode' method: public native int java.lang.Object.hashCode()
2025-05-04 15:00:45 [main] TRACE o.s.aop.framework.CglibAopProxy - Unable to apply any optimizations to advised method: protected native java.lang.Object java.lang.Object.clone() throws java.lang.CloneNotSupportedException
2025-05-04 15:00:45 [main] TRACE o.s.aop.framework.CglibAopProxy - Method is declared on Advised interface: public abstract int org.springframework.aop.framework.Advised.indexOf(org.springframework.aop.Advisor)
2025-05-04 15:00:45 [main] TRACE o.s.aop.framework.CglibAopProxy - Method is declared on Advised interface: public abstract int org.springframework.aop.framework.Advised.indexOf(org.aopalliance.aop.Advice)
2025-05-04 15:00:45 [main] TRACE o.s.aop.framework.CglibAopProxy - Method is declared on Advised interface: public abstract boolean org.springframework.aop.framework.Advised.isFrozen()
2025-05-04 15:00:45 [main] TRACE o.s.aop.framework.CglibAopProxy - Method is declared on Advised interface: public abstract org.springframework.aop.TargetSource org.springframework.aop.framework.Advised.getTargetSource()
2025-05-04 15:00:45 [main] TRACE o.s.aop.framework.CglibAopProxy - Method is declared on Advised interface: public abstract java.lang.Class[] org.springframework.aop.framework.Advised.getProxiedInterfaces()
2025-05-04 15:00:45 [main] TRACE o.s.aop.framework.CglibAopProxy - Method is declared on Advised interface: public abstract boolean org.springframework.aop.framework.Advised.isInterfaceProxied(java.lang.Class)
2025-05-04 15:00:45 [main] TRACE o.s.aop.framework.CglibAopProxy - Method is declared on Advised interface: public default int org.springframework.aop.framework.Advised.getAdvisorCount()
2025-05-04 15:00:45 [main] TRACE o.s.aop.framework.CglibAopProxy - Method is declared on Advised interface: public abstract org.springframework.aop.Advisor[] org.springframework.aop.framework.Advised.getAdvisors()
2025-05-04 15:00:45 [main] TRACE o.s.aop.framework.CglibAopProxy - Method is declared on Advised interface: public abstract boolean org.springframework.aop.framework.Advised.isProxyTargetClass()
2025-05-04 15:00:45 [main] TRACE o.s.aop.framework.CglibAopProxy - Method is declared on Advised interface: public abstract void org.springframework.aop.framework.Advised.setTargetSource(org.springframework.aop.TargetSource)
2025-05-04 15:00:45 [main] TRACE o.s.aop.framework.CglibAopProxy - Method is declared on Advised interface: public abstract void org.springframework.aop.framework.Advised.setExposeProxy(boolean)
2025-05-04 15:00:45 [main] TRACE o.s.aop.framework.CglibAopProxy - Method is declared on Advised interface: public abstract boolean org.springframework.aop.framework.Advised.isExposeProxy()
2025-05-04 15:00:45 [main] TRACE o.s.aop.framework.CglibAopProxy - Method is declared on Advised interface: public abstract void org.springframework.aop.framework.Advised.setPreFiltered(boolean)
2025-05-04 15:00:45 [main] TRACE o.s.aop.framework.CglibAopProxy - Method is declared on Advised interface: public abstract boolean org.springframework.aop.framework.Advised.isPreFiltered()
2025-05-04 15:00:45 [main] TRACE o.s.aop.framework.CglibAopProxy - Method is declared on Advised interface: public abstract void org.springframework.aop.framework.Advised.addAdvisor(org.springframework.aop.Advisor) throws org.springframework.aop.framework.AopConfigException
2025-05-04 15:00:45 [main] TRACE o.s.aop.framework.CglibAopProxy - Method is declared on Advised interface: public abstract void org.springframework.aop.framework.Advised.addAdvisor(int,org.springframework.aop.Advisor) throws org.springframework.aop.framework.AopConfigException
2025-05-04 15:00:45 [main] TRACE o.s.aop.framework.CglibAopProxy - Method is declared on Advised interface: public abstract boolean org.springframework.aop.framework.Advised.removeAdvisor(org.springframework.aop.Advisor)
2025-05-04 15:00:45 [main] TRACE o.s.aop.framework.CglibAopProxy - Method is declared on Advised interface: public abstract void org.springframework.aop.framework.Advised.removeAdvisor(int) throws org.springframework.aop.framework.AopConfigException
2025-05-04 15:00:45 [main] TRACE o.s.aop.framework.CglibAopProxy - Method is declared on Advised interface: public abstract boolean org.springframework.aop.framework.Advised.replaceAdvisor(org.springframework.aop.Advisor,org.springframework.aop.Advisor) throws org.springframework.aop.framework.AopConfigException
2025-05-04 15:00:45 [main] TRACE o.s.aop.framework.CglibAopProxy - Method is declared on Advised interface: public abstract void org.springframework.aop.framework.Advised.addAdvice(int,org.aopalliance.aop.Advice) throws org.springframework.aop.framework.AopConfigException
2025-05-04 15:00:45 [main] TRACE o.s.aop.framework.CglibAopProxy - Method is declared on Advised interface: public abstract void org.springframework.aop.framework.Advised.addAdvice(org.aopalliance.aop.Advice) throws org.springframework.aop.framework.AopConfigException
2025-05-04 15:00:45 [main] TRACE o.s.aop.framework.CglibAopProxy - Method is declared on Advised interface: public abstract boolean org.springframework.aop.framework.Advised.removeAdvice(org.aopalliance.aop.Advice)
2025-05-04 15:00:45 [main] TRACE o.s.aop.framework.CglibAopProxy - Method is declared on Advised interface: public abstract java.lang.String org.springframework.aop.framework.Advised.toProxyConfigString()
2025-05-04 15:00:45 [main] TRACE o.s.aop.framework.CglibAopProxy - Method is declared on Advised interface: public abstract java.lang.Class org.springframework.aop.TargetClassAware.getTargetClass()
2025-05-04 15:00:45 [main] TRACE o.s.a.a.a.AnnotationAwareAspectJAutoProxyCreator - Creating implicit proxy for bean 'userController' with 0 common interceptors and 1 specific interceptors
2025-05-04 15:00:45 [main] TRACE o.s.aop.framework.CglibAopProxy - Creating CGLIB proxy: SingletonTargetSource for target object [codegym.c10.hotel.controller.UserController@38cd4134]
2025-05-04 15:00:45 [main] TRACE o.s.aop.framework.CglibAopProxy - Unable to apply any optimizations to advised method: public org.springframework.http.ResponseEntity codegym.c10.hotel.controller.UserController.getAllUsers()
2025-05-04 15:00:45 [main] TRACE o.s.aop.framework.CglibAopProxy - Unable to apply any optimizations to advised method: public org.springframework.http.ResponseEntity codegym.c10.hotel.controller.UserController.updateUserStatus(java.lang.Long,codegym.c10.hotel.dto.UserStatusDto)
2025-05-04 15:00:45 [main] TRACE o.s.aop.framework.CglibAopProxy - Unable to apply any optimizations to advised method: public org.springframework.http.ResponseEntity codegym.c10.hotel.controller.UserController.getUserById(java.lang.Long)
2025-05-04 15:00:45 [main] TRACE o.s.aop.framework.CglibAopProxy - Found 'equals' method: public boolean java.lang.Object.equals(java.lang.Object)
2025-05-04 15:00:45 [main] TRACE o.s.aop.framework.CglibAopProxy - Unable to apply any optimizations to advised method: public java.lang.String java.lang.Object.toString()
2025-05-04 15:00:45 [main] TRACE o.s.aop.framework.CglibAopProxy - Found 'hashCode' method: public native int java.lang.Object.hashCode()
2025-05-04 15:00:45 [main] TRACE o.s.aop.framework.CglibAopProxy - Unable to apply any optimizations to advised method: protected native java.lang.Object java.lang.Object.clone() throws java.lang.CloneNotSupportedException
2025-05-04 15:00:45 [main] TRACE o.s.aop.framework.CglibAopProxy - Method is declared on Advised interface: public abstract int org.springframework.aop.framework.Advised.indexOf(org.springframework.aop.Advisor)
2025-05-04 15:00:45 [main] TRACE o.s.aop.framework.CglibAopProxy - Method is declared on Advised interface: public abstract int org.springframework.aop.framework.Advised.indexOf(org.aopalliance.aop.Advice)
2025-05-04 15:00:45 [main] TRACE o.s.aop.framework.CglibAopProxy - Method is declared on Advised interface: public abstract boolean org.springframework.aop.framework.Advised.isFrozen()
2025-05-04 15:00:45 [main] TRACE o.s.aop.framework.CglibAopProxy - Method is declared on Advised interface: public abstract org.springframework.aop.TargetSource org.springframework.aop.framework.Advised.getTargetSource()
2025-05-04 15:00:45 [main] TRACE o.s.aop.framework.CglibAopProxy - Method is declared on Advised interface: public abstract java.lang.Class[] org.springframework.aop.framework.Advised.getProxiedInterfaces()
2025-05-04 15:00:45 [main] TRACE o.s.aop.framework.CglibAopProxy - Method is declared on Advised interface: public abstract boolean org.springframework.aop.framework.Advised.isInterfaceProxied(java.lang.Class)
2025-05-04 15:00:45 [main] TRACE o.s.aop.framework.CglibAopProxy - Method is declared on Advised interface: public default int org.springframework.aop.framework.Advised.getAdvisorCount()
2025-05-04 15:00:45 [main] TRACE o.s.aop.framework.CglibAopProxy - Method is declared on Advised interface: public abstract org.springframework.aop.Advisor[] org.springframework.aop.framework.Advised.getAdvisors()
2025-05-04 15:00:45 [main] TRACE o.s.aop.framework.CglibAopProxy - Method is declared on Advised interface: public abstract boolean org.springframework.aop.framework.Advised.isProxyTargetClass()
2025-05-04 15:00:45 [main] TRACE o.s.aop.framework.CglibAopProxy - Method is declared on Advised interface: public abstract void org.springframework.aop.framework.Advised.setTargetSource(org.springframework.aop.TargetSource)
2025-05-04 15:00:45 [main] TRACE o.s.aop.framework.CglibAopProxy - Method is declared on Advised interface: public abstract void org.springframework.aop.framework.Advised.setExposeProxy(boolean)
2025-05-04 15:00:45 [main] TRACE o.s.aop.framework.CglibAopProxy - Method is declared on Advised interface: public abstract boolean org.springframework.aop.framework.Advised.isExposeProxy()
2025-05-04 15:00:45 [main] TRACE o.s.aop.framework.CglibAopProxy - Method is declared on Advised interface: public abstract void org.springframework.aop.framework.Advised.setPreFiltered(boolean)
2025-05-04 15:00:45 [main] TRACE o.s.aop.framework.CglibAopProxy - Method is declared on Advised interface: public abstract boolean org.springframework.aop.framework.Advised.isPreFiltered()
2025-05-04 15:00:45 [main] TRACE o.s.aop.framework.CglibAopProxy - Method is declared on Advised interface: public abstract void org.springframework.aop.framework.Advised.addAdvisor(org.springframework.aop.Advisor) throws org.springframework.aop.framework.AopConfigException
2025-05-04 15:00:45 [main] TRACE o.s.aop.framework.CglibAopProxy - Method is declared on Advised interface: public abstract void org.springframework.aop.framework.Advised.addAdvisor(int,org.springframework.aop.Advisor) throws org.springframework.aop.framework.AopConfigException
2025-05-04 15:00:45 [main] TRACE o.s.aop.framework.CglibAopProxy - Method is declared on Advised interface: public abstract boolean org.springframework.aop.framework.Advised.removeAdvisor(org.springframework.aop.Advisor)
2025-05-04 15:00:45 [main] TRACE o.s.aop.framework.CglibAopProxy - Method is declared on Advised interface: public abstract void org.springframework.aop.framework.Advised.removeAdvisor(int) throws org.springframework.aop.framework.AopConfigException
2025-05-04 15:00:45 [main] TRACE o.s.aop.framework.CglibAopProxy - Method is declared on Advised interface: public abstract boolean org.springframework.aop.framework.Advised.replaceAdvisor(org.springframework.aop.Advisor,org.springframework.aop.Advisor) throws org.springframework.aop.framework.AopConfigException
2025-05-04 15:00:45 [main] TRACE o.s.aop.framework.CglibAopProxy - Method is declared on Advised interface: public abstract void org.springframework.aop.framework.Advised.addAdvice(int,org.aopalliance.aop.Advice) throws org.springframework.aop.framework.AopConfigException
2025-05-04 15:00:45 [main] TRACE o.s.aop.framework.CglibAopProxy - Method is declared on Advised interface: public abstract void org.springframework.aop.framework.Advised.addAdvice(org.aopalliance.aop.Advice) throws org.springframework.aop.framework.AopConfigException
2025-05-04 15:00:45 [main] TRACE o.s.aop.framework.CglibAopProxy - Method is declared on Advised interface: public abstract boolean org.springframework.aop.framework.Advised.removeAdvice(org.aopalliance.aop.Advice)
2025-05-04 15:00:45 [main] TRACE o.s.aop.framework.CglibAopProxy - Method is declared on Advised interface: public abstract java.lang.String org.springframework.aop.framework.Advised.toProxyConfigString()
2025-05-04 15:00:45 [main] TRACE o.s.aop.framework.CglibAopProxy - Method is declared on Advised interface: public abstract java.lang.Class org.springframework.aop.TargetClassAware.getTargetClass()
2025-05-04 15:00:45 [main] TRACE o.s.a.a.a.AnnotationAwareAspectJAutoProxyCreator - Creating implicit proxy for bean 'activityLogEventListener' with 0 common interceptors and 1 specific interceptors
2025-05-04 15:00:45 [main] TRACE o.s.aop.framework.CglibAopProxy - Creating CGLIB proxy: SingletonTargetSource for target object [codegym.c10.hotel.listener.ActivityLogEventListener@3701df72]
2025-05-04 15:00:45 [main] TRACE o.s.aop.framework.CglibAopProxy - Unable to apply any optimizations to advised method: public void codegym.c10.hotel.listener.ActivityLogEventListener.handleActivityLogEvent(codegym.c10.hotel.event.ActivityLogEvent)
2025-05-04 15:00:45 [main] TRACE o.s.aop.framework.CglibAopProxy - Found 'equals' method: public boolean java.lang.Object.equals(java.lang.Object)
2025-05-04 15:00:45 [main] TRACE o.s.aop.framework.CglibAopProxy - Unable to apply any optimizations to advised method: public java.lang.String java.lang.Object.toString()
2025-05-04 15:00:45 [main] TRACE o.s.aop.framework.CglibAopProxy - Found 'hashCode' method: public native int java.lang.Object.hashCode()
2025-05-04 15:00:45 [main] TRACE o.s.aop.framework.CglibAopProxy - Unable to apply any optimizations to advised method: protected native java.lang.Object java.lang.Object.clone() throws java.lang.CloneNotSupportedException
2025-05-04 15:00:45 [main] TRACE o.s.aop.framework.CglibAopProxy - Method is declared on Advised interface: public abstract int org.springframework.aop.framework.Advised.indexOf(org.springframework.aop.Advisor)
2025-05-04 15:00:45 [main] TRACE o.s.aop.framework.CglibAopProxy - Method is declared on Advised interface: public abstract int org.springframework.aop.framework.Advised.indexOf(org.aopalliance.aop.Advice)
2025-05-04 15:00:45 [main] TRACE o.s.aop.framework.CglibAopProxy - Method is declared on Advised interface: public abstract boolean org.springframework.aop.framework.Advised.isFrozen()
2025-05-04 15:00:45 [main] TRACE o.s.aop.framework.CglibAopProxy - Method is declared on Advised interface: public abstract org.springframework.aop.TargetSource org.springframework.aop.framework.Advised.getTargetSource()
2025-05-04 15:00:45 [main] TRACE o.s.aop.framework.CglibAopProxy - Method is declared on Advised interface: public abstract java.lang.Class[] org.springframework.aop.framework.Advised.getProxiedInterfaces()
2025-05-04 15:00:45 [main] TRACE o.s.aop.framework.CglibAopProxy - Method is declared on Advised interface: public abstract boolean org.springframework.aop.framework.Advised.isInterfaceProxied(java.lang.Class)
2025-05-04 15:00:45 [main] TRACE o.s.aop.framework.CglibAopProxy - Method is declared on Advised interface: public default int org.springframework.aop.framework.Advised.getAdvisorCount()
2025-05-04 15:00:45 [main] TRACE o.s.aop.framework.CglibAopProxy - Method is declared on Advised interface: public abstract org.springframework.aop.Advisor[] org.springframework.aop.framework.Advised.getAdvisors()
2025-05-04 15:00:45 [main] TRACE o.s.aop.framework.CglibAopProxy - Method is declared on Advised interface: public abstract boolean org.springframework.aop.framework.Advised.isProxyTargetClass()
2025-05-04 15:00:45 [main] TRACE o.s.aop.framework.CglibAopProxy - Method is declared on Advised interface: public abstract void org.springframework.aop.framework.Advised.setTargetSource(org.springframework.aop.TargetSource)
2025-05-04 15:00:45 [main] TRACE o.s.aop.framework.CglibAopProxy - Method is declared on Advised interface: public abstract void org.springframework.aop.framework.Advised.setExposeProxy(boolean)
2025-05-04 15:00:45 [main] TRACE o.s.aop.framework.CglibAopProxy - Method is declared on Advised interface: public abstract boolean org.springframework.aop.framework.Advised.isExposeProxy()
2025-05-04 15:00:45 [main] TRACE o.s.aop.framework.CglibAopProxy - Method is declared on Advised interface: public abstract void org.springframework.aop.framework.Advised.setPreFiltered(boolean)
2025-05-04 15:00:45 [main] TRACE o.s.aop.framework.CglibAopProxy - Method is declared on Advised interface: public abstract boolean org.springframework.aop.framework.Advised.isPreFiltered()
2025-05-04 15:00:45 [main] TRACE o.s.aop.framework.CglibAopProxy - Method is declared on Advised interface: public abstract void org.springframework.aop.framework.Advised.addAdvisor(org.springframework.aop.Advisor) throws org.springframework.aop.framework.AopConfigException
2025-05-04 15:00:45 [main] TRACE o.s.aop.framework.CglibAopProxy - Method is declared on Advised interface: public abstract void org.springframework.aop.framework.Advised.addAdvisor(int,org.springframework.aop.Advisor) throws org.springframework.aop.framework.AopConfigException
2025-05-04 15:00:45 [main] TRACE o.s.aop.framework.CglibAopProxy - Method is declared on Advised interface: public abstract boolean org.springframework.aop.framework.Advised.removeAdvisor(org.springframework.aop.Advisor)
2025-05-04 15:00:45 [main] TRACE o.s.aop.framework.CglibAopProxy - Method is declared on Advised interface: public abstract void org.springframework.aop.framework.Advised.removeAdvisor(int) throws org.springframework.aop.framework.AopConfigException
2025-05-04 15:00:45 [main] TRACE o.s.aop.framework.CglibAopProxy - Method is declared on Advised interface: public abstract boolean org.springframework.aop.framework.Advised.replaceAdvisor(org.springframework.aop.Advisor,org.springframework.aop.Advisor) throws org.springframework.aop.framework.AopConfigException
2025-05-04 15:00:45 [main] TRACE o.s.aop.framework.CglibAopProxy - Method is declared on Advised interface: public abstract void org.springframework.aop.framework.Advised.addAdvice(int,org.aopalliance.aop.Advice) throws org.springframework.aop.framework.AopConfigException
2025-05-04 15:00:45 [main] TRACE o.s.aop.framework.CglibAopProxy - Method is declared on Advised interface: public abstract void org.springframework.aop.framework.Advised.addAdvice(org.aopalliance.aop.Advice) throws org.springframework.aop.framework.AopConfigException
2025-05-04 15:00:45 [main] TRACE o.s.aop.framework.CglibAopProxy - Method is declared on Advised interface: public abstract boolean org.springframework.aop.framework.Advised.removeAdvice(org.aopalliance.aop.Advice)
2025-05-04 15:00:45 [main] TRACE o.s.aop.framework.CglibAopProxy - Method is declared on Advised interface: public abstract java.lang.String org.springframework.aop.framework.Advised.toProxyConfigString()
2025-05-04 15:00:45 [main] TRACE o.s.aop.framework.CglibAopProxy - Method is declared on Advised interface: public abstract java.lang.Class org.springframework.aop.TargetClassAware.getTargetClass()
2025-05-04 15:00:45 [main] WARN  o.s.b.a.o.j.JpaBaseConfiguration$JpaWebConfiguration - spring.jpa.open-in-view is enabled by default. Therefore, database queries may be performed during view rendering. Explicitly configure spring.jpa.open-in-view to disable this warning
2025-05-04 15:00:45 [main] INFO  o.s.s.c.a.a.c.InitializeAuthenticationProviderBeanManagerConfigurer$InitializeAuthenticationProviderManagerConfigurer - Global AuthenticationManager configured with AuthenticationProvider bean with name authenticationProvider
2025-05-04 15:00:45 [main] WARN  o.s.s.c.a.a.c.InitializeUserDetailsBeanManagerConfigurer$InitializeUserDetailsManagerConfigurer - Global AuthenticationManager configured with an AuthenticationProvider bean. UserDetailsService beans will not be used by Spring Security for automatically configuring username/password login. Consider removing the AuthenticationProvider bean. Alternatively, consider using the UserDetailsService in a manually instantiated DaoAuthenticationProvider. If the current configuration is intentional, to turn off this warning, increase the logging level of 'org.springframework.security.config.annotation.authentication.configuration.InitializeUserDetailsBeanManagerConfigurer' to ERROR
2025-05-04 15:00:45 [main] TRACE o.s.a.a.a.AnnotationAwareAspectJAutoProxyCreator - Did not attempt to auto-proxy infrastructure class [org.springframework.security.access.expression.SecurityExpressionHandler]
2025-05-04 15:00:45 [main] TRACE o.s.a.a.a.AnnotationAwareAspectJAutoProxyCreator - Did not attempt to auto-proxy infrastructure class [org.springframework.security.config.annotation.method.configuration.PrePostMethodSecurityConfiguration]
2025-05-04 15:00:45 [main] TRACE o.s.a.a.a.AnnotationAwareAspectJAutoProxyCreator - Did not attempt to auto-proxy infrastructure class [org.springframework.security.config.annotation.method.configuration.AuthorizationProxyConfiguration]
2025-05-04 15:00:45 [main] INFO  o.s.b.w.e.tomcat.TomcatWebServer - Tomcat started on port 8080 (http) with context path '/'
2025-05-04 15:00:45 [main] INFO  c.c.h.HotelManagementBackendApplication - Started HotelManagementBackendApplication in 7.812 seconds (process running for 8.13)
2025-05-04 15:03:49 [Test worker] INFO  c.c.h.HotelManagementBackendApplicationTests - Starting HotelManagementBackendApplicationTests using Java 17.0.14 with PID 184550 (started by hoangphu in /home/hoangphu/Màn hình nền/Hotel-Management-Backend/hotel-management-backend)
2025-05-04 15:03:49 [Test worker] INFO  c.c.h.HotelManagementBackendApplicationTests - No active profile set, falling back to 1 default profile: "default"
2025-05-04 15:03:51 [Test worker] INFO  o.s.d.r.c.RepositoryConfigurationDelegate - Bootstrapping Spring Data JPA repositories in DEFAULT mode.
2025-05-04 15:03:52 [Test worker] INFO  o.s.d.r.c.RepositoryConfigurationDelegate - Finished Spring Data repository scanning in 361 ms. Found 10 JPA repository interfaces.
2025-05-04 15:03:52 [Test worker] TRACE o.s.a.a.a.AnnotationAwareAspectJAutoProxyCreator - Did not attempt to auto-proxy infrastructure class [org.springframework.aop.Advisor]
2025-05-04 15:03:52 [Test worker] TRACE o.s.a.a.a.AnnotationAwareAspectJAutoProxyCreator - Did not attempt to auto-proxy infrastructure class [org.aopalliance.intercept.MethodInterceptor]
2025-05-04 15:03:52 [Test worker] TRACE o.s.a.a.a.AnnotationAwareAspectJAutoProxyCreator - Did not attempt to auto-proxy infrastructure class [org.springframework.aop.Advisor]
2025-05-04 15:03:52 [Test worker] TRACE o.s.a.a.a.AnnotationAwareAspectJAutoProxyCreator - Did not attempt to auto-proxy infrastructure class [org.aopalliance.intercept.MethodInterceptor]
2025-05-04 15:03:52 [Test worker] TRACE o.s.a.a.a.AnnotationAwareAspectJAutoProxyCreator - Did not attempt to auto-proxy infrastructure class [org.springframework.aop.Advisor]
2025-05-04 15:03:52 [Test worker] TRACE o.s.a.a.a.AnnotationAwareAspectJAutoProxyCreator - Did not attempt to auto-proxy infrastructure class [org.aopalliance.intercept.MethodInterceptor]
2025-05-04 15:03:52 [Test worker] TRACE o.s.a.a.a.AnnotationAwareAspectJAutoProxyCreator - Did not attempt to auto-proxy infrastructure class [org.springframework.aop.Advisor]
2025-05-04 15:03:52 [Test worker] TRACE o.s.a.a.a.AnnotationAwareAspectJAutoProxyCreator - Did not attempt to auto-proxy infrastructure class [org.aopalliance.intercept.MethodInterceptor]
2025-05-04 15:03:52 [Test worker] TRACE o.s.a.a.a.AnnotationAwareAspectJAutoProxyCreator - Did not attempt to auto-proxy infrastructure class [org.springframework.aop.Advisor]
2025-05-04 15:03:52 [Test worker] TRACE o.s.a.a.a.AnnotationAwareAspectJAutoProxyCreator - Did not attempt to auto-proxy infrastructure class [org.aopalliance.intercept.MethodInterceptor]
2025-05-04 15:03:52 [Test worker] TRACE o.s.a.a.a.AnnotationAwareAspectJAutoProxyCreator - Did not attempt to auto-proxy infrastructure class [org.springframework.security.authorization.method.AuthorizationAdvisorProxyFactory]
2025-05-04 15:03:52 [Test worker] TRACE o.s.a.a.a.AnnotationAwareAspectJAutoProxyCreator - Did not attempt to auto-proxy infrastructure class [org.springframework.transaction.interceptor.BeanFactoryTransactionAttributeSourceAdvisor]
2025-05-04 15:03:52 [Test worker] TRACE o.s.a.f.a.BeanFactoryAdvisorRetrievalHelper - Skipping currently created advisor 'org.springframework.transaction.config.internalTransactionAdvisor'
2025-05-04 15:03:52 [Test worker] DEBUG o.s.a.a.a.ReflectiveAspectJAdvisorFactory - Found AspectJ method: public void codegym.c10.hotel.aspect.ActivityLoggingAspect.logActivity(org.aspectj.lang.JoinPoint,java.lang.Object)
2025-05-04 15:03:52 [Test worker] TRACE o.s.a.f.a.BeanFactoryAdvisorRetrievalHelper - Skipping currently created advisor 'org.springframework.transaction.config.internalTransactionAdvisor'
2025-05-04 15:03:52 [Test worker] TRACE o.s.a.f.a.BeanFactoryAdvisorRetrievalHelper - Skipping currently created advisor 'org.springframework.transaction.config.internalTransactionAdvisor'
2025-05-04 15:03:52 [Test worker] DEBUG org.aspectj.weaver.Lint - ENTRY o.a.w.Lint@79ab97fd
2025-05-04 15:03:52 [Test worker] DEBUG org.aspectj.weaver.Lint - ENTRY o.a.w.r.ReflectionWorld@21f9c6ea
2025-05-04 15:03:52 [Test worker] DEBUG org.aspectj.weaver.Lint - RETURN
2025-05-04 15:03:52 [Test worker] DEBUG org.aspectj.weaver.Lint - ENTRY o.a.w.Lint@760f1081
2025-05-04 15:03:52 [Test worker] DEBUG org.aspectj.weaver.Lint - ENTRY o.a.w.r.ReflectionWorld@52621501
2025-05-04 15:03:52 [Test worker] DEBUG org.aspectj.weaver.Lint - RETURN
2025-05-04 15:03:52 [Test worker] DEBUG org.aspectj.weaver.Lint - ENTRY o.a.w.Lint@374c3975
2025-05-04 15:03:52 [Test worker] DEBUG org.aspectj.weaver.Lint - ENTRY o.a.w.r.ReflectionWorld@43c39321
2025-05-04 15:03:52 [Test worker] DEBUG org.aspectj.weaver.Lint - RETURN
2025-05-04 15:03:52 [Test worker] DEBUG org.aspectj.weaver.Lint - ENTRY o.a.w.Lint@52aa7742
2025-05-04 15:03:52 [Test worker] DEBUG org.aspectj.weaver.Lint - ENTRY o.a.w.r.ReflectionWorld@3d0d120b
2025-05-04 15:03:52 [Test worker] DEBUG org.aspectj.weaver.Lint - RETURN
2025-05-04 15:03:52 [Test worker] TRACE o.s.a.f.a.BeanFactoryAdvisorRetrievalHelper - Skipping currently created advisor 'org.springframework.transaction.config.internalTransactionAdvisor'
2025-05-04 15:03:52 [Test worker] TRACE o.s.a.f.a.BeanFactoryAdvisorRetrievalHelper - Skipping currently created advisor 'org.springframework.transaction.config.internalTransactionAdvisor'
2025-05-04 15:03:52 [Test worker] TRACE o.s.a.f.a.BeanFactoryAdvisorRetrievalHelper - Skipping currently created advisor 'org.springframework.transaction.config.internalTransactionAdvisor'
2025-05-04 15:03:53 [Test worker] TRACE o.s.a.a.a.AnnotationAwareAspectJAutoProxyCreator - Did not attempt to auto-proxy infrastructure class [org.springframework.transaction.interceptor.TransactionInterceptor]
2025-05-04 15:03:53 [Test worker] INFO  com.zaxxer.hikari.HikariDataSource - HikariPool-1 - Starting...
2025-05-04 15:03:53 [Test worker] INFO  com.zaxxer.hikari.pool.HikariPool - HikariPool-1 - Added connection com.mysql.cj.jdbc.ConnectionImpl@1b8d20e6
2025-05-04 15:03:53 [Test worker] INFO  com.zaxxer.hikari.HikariDataSource - HikariPool-1 - Start completed.
2025-05-04 15:03:54 [Test worker] INFO  o.s.o.j.p.SpringPersistenceUnitInfo - No LoadTimeWeaver setup: ignoring JPA class transformer
2025-05-04 15:03:56 [Test worker] DEBUG org.hibernate.SQL - alter table employees modify column gender enum ('FEMALE','MALE','OTHER') not null
2025-05-04 15:03:56 [Test worker] INFO  o.s.o.j.LocalContainerEntityManagerFactoryBean - Initialized JPA EntityManagerFactory for persistence unit 'default'
2025-05-04 15:03:56 [Test worker] TRACE o.s.aop.framework.JdkDynamicAopProxy - Creating JDK dynamic proxy: org.springframework.data.jpa.repository.support.CrudMethodMetadataPostProcessor$ThreadBoundTargetSource@56540a58
2025-05-04 15:03:57 [Test worker] TRACE o.s.aop.framework.JdkDynamicAopProxy - Creating JDK dynamic proxy: SingletonTargetSource for target object [org.springframework.data.jpa.repository.support.SimpleJpaRepository@5327c503]
2025-05-04 15:03:57 [Test worker] INFO  c.c.h.aspect.ActivityLoggingAspect - ===== ACTIVITY LOGGING ASPECT INITIALIZED (Async Mode) =====
2025-05-04 15:03:57 [Test worker] TRACE o.s.aop.framework.JdkDynamicAopProxy - Creating JDK dynamic proxy: org.springframework.data.jpa.repository.support.CrudMethodMetadataPostProcessor$ThreadBoundTargetSource@35ca0dac
2025-05-04 15:03:57 [Test worker] TRACE o.s.aop.framework.JdkDynamicAopProxy - Creating JDK dynamic proxy: SingletonTargetSource for target object [org.springframework.data.jpa.repository.support.SimpleJpaRepository@17e427b6]
2025-05-04 15:03:57 [Test worker] TRACE o.s.aop.framework.JdkDynamicAopProxy - Creating JDK dynamic proxy: org.springframework.data.jpa.repository.support.CrudMethodMetadataPostProcessor$ThreadBoundTargetSource@520c235f
2025-05-04 15:03:57 [Test worker] TRACE o.s.aop.framework.JdkDynamicAopProxy - Creating JDK dynamic proxy: SingletonTargetSource for target object [org.springframework.data.jpa.repository.support.SimpleJpaRepository@675c1335]
2025-05-04 15:03:57 [Test worker] DEBUG org.hibernate.SQL - select p1_0.id,p1_0.created_at,p1_0.deleted,p1_0.name,p1_0.updated_at from permissions p1_0 where p1_0.name=?
2025-05-04 15:03:57 [Test worker] DEBUG org.hibernate.SQL - select p1_0.id,p1_0.created_at,p1_0.deleted,p1_0.name,p1_0.updated_at from permissions p1_0 where p1_0.name=?
2025-05-04 15:03:57 [Test worker] DEBUG org.hibernate.SQL - select p1_0.id,p1_0.created_at,p1_0.deleted,p1_0.name,p1_0.updated_at from permissions p1_0 where p1_0.name=?
2025-05-04 15:03:57 [Test worker] DEBUG org.hibernate.SQL - select p1_0.id,p1_0.created_at,p1_0.deleted,p1_0.name,p1_0.updated_at from permissions p1_0 where p1_0.name=?
2025-05-04 15:03:57 [Test worker] DEBUG org.hibernate.SQL - select p1_0.id,p1_0.created_at,p1_0.deleted,p1_0.name,p1_0.updated_at from permissions p1_0 where p1_0.name=?
2025-05-04 15:03:57 [Test worker] DEBUG org.hibernate.SQL - select p1_0.id,p1_0.created_at,p1_0.deleted,p1_0.name,p1_0.updated_at from permissions p1_0 where p1_0.name=?
2025-05-04 15:03:57 [Test worker] DEBUG org.hibernate.SQL - select p1_0.id,p1_0.created_at,p1_0.deleted,p1_0.name,p1_0.updated_at from permissions p1_0 where p1_0.name=?
2025-05-04 15:03:57 [Test worker] DEBUG org.hibernate.SQL - select p1_0.id,p1_0.created_at,p1_0.deleted,p1_0.name,p1_0.updated_at from permissions p1_0 where p1_0.name=?
2025-05-04 15:03:57 [Test worker] DEBUG org.hibernate.SQL - select p1_0.id,p1_0.created_at,p1_0.deleted,p1_0.name,p1_0.updated_at from permissions p1_0 where p1_0.name=?
2025-05-04 15:03:57 [Test worker] DEBUG org.hibernate.SQL - select p1_0.id,p1_0.created_at,p1_0.deleted,p1_0.name,p1_0.updated_at from permissions p1_0 where p1_0.name=?
2025-05-04 15:03:57 [Test worker] DEBUG org.hibernate.SQL - select p1_0.id,p1_0.created_at,p1_0.deleted,p1_0.name,p1_0.updated_at from permissions p1_0 where p1_0.name=?
2025-05-04 15:03:57 [Test worker] DEBUG org.hibernate.SQL - select p1_0.id,p1_0.created_at,p1_0.deleted,p1_0.name,p1_0.updated_at from permissions p1_0 where p1_0.name=?
2025-05-04 15:03:57 [Test worker] DEBUG org.hibernate.SQL - select p1_0.id,p1_0.created_at,p1_0.deleted,p1_0.name,p1_0.updated_at from permissions p1_0 where p1_0.name=?
2025-05-04 15:03:57 [Test worker] DEBUG org.hibernate.SQL - select p1_0.id,p1_0.created_at,p1_0.deleted,p1_0.name,p1_0.updated_at from permissions p1_0 where p1_0.name=?
2025-05-04 15:03:57 [Test worker] DEBUG org.hibernate.SQL - select p1_0.id,p1_0.created_at,p1_0.deleted,p1_0.name,p1_0.updated_at from permissions p1_0 where p1_0.name=?
2025-05-04 15:03:57 [Test worker] DEBUG org.hibernate.SQL - select p1_0.id,p1_0.created_at,p1_0.deleted,p1_0.name,p1_0.updated_at from permissions p1_0 where p1_0.name=?
2025-05-04 15:03:57 [Test worker] DEBUG org.hibernate.SQL - select p1_0.id,p1_0.created_at,p1_0.deleted,p1_0.name,p1_0.updated_at from permissions p1_0 where p1_0.name=?
2025-05-04 15:03:57 [Test worker] DEBUG org.hibernate.SQL - select p1_0.id,p1_0.created_at,p1_0.deleted,p1_0.name,p1_0.updated_at from permissions p1_0 where p1_0.name=?
2025-05-04 15:03:57 [Test worker] DEBUG org.hibernate.SQL - select p1_0.id,p1_0.created_at,p1_0.deleted,p1_0.name,p1_0.updated_at from permissions p1_0 where p1_0.name=?
2025-05-04 15:03:57 [Test worker] DEBUG org.hibernate.SQL - select p1_0.id,p1_0.created_at,p1_0.deleted,p1_0.name,p1_0.updated_at from permissions p1_0 where p1_0.name=?
2025-05-04 15:03:57 [Test worker] DEBUG org.hibernate.SQL - select p1_0.id,p1_0.created_at,p1_0.deleted,p1_0.name,p1_0.updated_at from permissions p1_0 where p1_0.name=?
2025-05-04 15:03:57 [Test worker] DEBUG org.hibernate.SQL - select p1_0.id,p1_0.created_at,p1_0.deleted,p1_0.name,p1_0.updated_at from permissions p1_0 where p1_0.name=?
2025-05-04 15:03:57 [Test worker] DEBUG org.hibernate.SQL - select p1_0.id,p1_0.created_at,p1_0.deleted,p1_0.name,p1_0.updated_at from permissions p1_0 where p1_0.name=?
2025-05-04 15:03:57 [Test worker] DEBUG org.hibernate.SQL - select p1_0.id,p1_0.created_at,p1_0.deleted,p1_0.name,p1_0.updated_at from permissions p1_0 where p1_0.name=?
2025-05-04 15:03:57 [Test worker] DEBUG org.hibernate.SQL - select p1_0.id,p1_0.created_at,p1_0.deleted,p1_0.name,p1_0.updated_at from permissions p1_0 where p1_0.name=?
2025-05-04 15:03:57 [Test worker] DEBUG org.hibernate.SQL - select p1_0.id,p1_0.created_at,p1_0.deleted,p1_0.name,p1_0.updated_at from permissions p1_0 where p1_0.name=?
2025-05-04 15:03:57 [Test worker] DEBUG org.hibernate.SQL - select p1_0.id,p1_0.created_at,p1_0.deleted,p1_0.name,p1_0.updated_at from permissions p1_0 where p1_0.name=?
2025-05-04 15:03:57 [Test worker] DEBUG org.hibernate.SQL - select r1_0.id,r1_0.created_at,r1_0.deleted,r1_0.name,r1_0.updated_at from roles r1_0 where r1_0.name=?
2025-05-04 15:03:57 [Test worker] DEBUG org.hibernate.SQL - select p1_0.role_id,p1_1.id,p1_1.created_at,p1_1.deleted,p1_1.name,p1_1.updated_at from role_permissions p1_0 join permissions p1_1 on p1_1.id=p1_0.permission_id where p1_0.role_id=?
2025-05-04 15:03:57 [Test worker] DEBUG org.hibernate.SQL - select r1_0.id,r1_0.created_at,r1_0.deleted,r1_0.name,r1_0.updated_at from roles r1_0 where r1_0.name=?
2025-05-04 15:03:57 [Test worker] DEBUG org.hibernate.SQL - select p1_0.role_id,p1_1.id,p1_1.created_at,p1_1.deleted,p1_1.name,p1_1.updated_at from role_permissions p1_0 join permissions p1_1 on p1_1.id=p1_0.permission_id where p1_0.role_id=?
2025-05-04 15:03:57 [Test worker] DEBUG org.hibernate.SQL - select r1_0.id,r1_0.created_at,r1_0.deleted,r1_0.name,r1_0.updated_at from roles r1_0 where r1_0.name=?
2025-05-04 15:03:57 [Test worker] DEBUG org.hibernate.SQL - select p1_0.role_id,p1_1.id,p1_1.created_at,p1_1.deleted,p1_1.name,p1_1.updated_at from role_permissions p1_0 join permissions p1_1 on p1_1.id=p1_0.permission_id where p1_0.role_id=?
2025-05-04 15:03:57 [Test worker] DEBUG org.hibernate.SQL - select r1_0.id,r1_0.created_at,r1_0.deleted,r1_0.name,r1_0.updated_at from roles r1_0 where r1_0.name=?
2025-05-04 15:03:57 [Test worker] DEBUG org.hibernate.SQL - select p1_0.role_id,p1_1.id,p1_1.created_at,p1_1.deleted,p1_1.name,p1_1.updated_at from role_permissions p1_0 join permissions p1_1 on p1_1.id=p1_0.permission_id where p1_0.role_id=?
2025-05-04 15:03:57 [Test worker] TRACE o.s.a.a.a.AnnotationAwareAspectJAutoProxyCreator - Creating implicit proxy for bean 'permissionInitializer' with 0 common interceptors and 1 specific interceptors
2025-05-04 15:03:57 [Test worker] TRACE o.s.aop.framework.CglibAopProxy - Creating CGLIB proxy: SingletonTargetSource for target object [codegym.c10.hotel.config.PermissionInitializer@742ce3ad]
2025-05-04 15:03:57 [Test worker] TRACE o.s.aop.framework.CglibAopProxy - Unable to apply any optimizations to advised method: public void codegym.c10.hotel.config.PermissionInitializer.initializePermissions()
2025-05-04 15:03:57 [Test worker] TRACE o.s.aop.framework.CglibAopProxy - Found 'equals' method: public boolean java.lang.Object.equals(java.lang.Object)
2025-05-04 15:03:57 [Test worker] TRACE o.s.aop.framework.CglibAopProxy - Unable to apply any optimizations to advised method: public java.lang.String java.lang.Object.toString()
2025-05-04 15:03:57 [Test worker] TRACE o.s.aop.framework.CglibAopProxy - Found 'hashCode' method: public native int java.lang.Object.hashCode()
2025-05-04 15:03:57 [Test worker] TRACE o.s.aop.framework.CglibAopProxy - Unable to apply any optimizations to advised method: protected native java.lang.Object java.lang.Object.clone() throws java.lang.CloneNotSupportedException
2025-05-04 15:03:57 [Test worker] TRACE o.s.aop.framework.CglibAopProxy - Method is declared on Advised interface: public abstract int org.springframework.aop.framework.Advised.indexOf(org.springframework.aop.Advisor)
2025-05-04 15:03:57 [Test worker] TRACE o.s.aop.framework.CglibAopProxy - Method is declared on Advised interface: public abstract int org.springframework.aop.framework.Advised.indexOf(org.aopalliance.aop.Advice)
2025-05-04 15:03:57 [Test worker] TRACE o.s.aop.framework.CglibAopProxy - Method is declared on Advised interface: public abstract boolean org.springframework.aop.framework.Advised.isFrozen()
2025-05-04 15:03:57 [Test worker] TRACE o.s.aop.framework.CglibAopProxy - Method is declared on Advised interface: public abstract org.springframework.aop.TargetSource org.springframework.aop.framework.Advised.getTargetSource()
2025-05-04 15:03:57 [Test worker] TRACE o.s.aop.framework.CglibAopProxy - Method is declared on Advised interface: public abstract java.lang.Class[] org.springframework.aop.framework.Advised.getProxiedInterfaces()
2025-05-04 15:03:57 [Test worker] TRACE o.s.aop.framework.CglibAopProxy - Method is declared on Advised interface: public abstract boolean org.springframework.aop.framework.Advised.isInterfaceProxied(java.lang.Class)
2025-05-04 15:03:57 [Test worker] TRACE o.s.aop.framework.CglibAopProxy - Method is declared on Advised interface: public default int org.springframework.aop.framework.Advised.getAdvisorCount()
2025-05-04 15:03:57 [Test worker] TRACE o.s.aop.framework.CglibAopProxy - Method is declared on Advised interface: public abstract org.springframework.aop.Advisor[] org.springframework.aop.framework.Advised.getAdvisors()
2025-05-04 15:03:57 [Test worker] TRACE o.s.aop.framework.CglibAopProxy - Method is declared on Advised interface: public abstract boolean org.springframework.aop.framework.Advised.isProxyTargetClass()
2025-05-04 15:03:57 [Test worker] TRACE o.s.aop.framework.CglibAopProxy - Method is declared on Advised interface: public abstract void org.springframework.aop.framework.Advised.setTargetSource(org.springframework.aop.TargetSource)
2025-05-04 15:03:57 [Test worker] TRACE o.s.aop.framework.CglibAopProxy - Method is declared on Advised interface: public abstract void org.springframework.aop.framework.Advised.setExposeProxy(boolean)
2025-05-04 15:03:57 [Test worker] TRACE o.s.aop.framework.CglibAopProxy - Method is declared on Advised interface: public abstract boolean org.springframework.aop.framework.Advised.isExposeProxy()
2025-05-04 15:03:57 [Test worker] TRACE o.s.aop.framework.CglibAopProxy - Method is declared on Advised interface: public abstract void org.springframework.aop.framework.Advised.setPreFiltered(boolean)
2025-05-04 15:03:57 [Test worker] TRACE o.s.aop.framework.CglibAopProxy - Method is declared on Advised interface: public abstract boolean org.springframework.aop.framework.Advised.isPreFiltered()
2025-05-04 15:03:57 [Test worker] TRACE o.s.aop.framework.CglibAopProxy - Method is declared on Advised interface: public abstract void org.springframework.aop.framework.Advised.addAdvisor(org.springframework.aop.Advisor) throws org.springframework.aop.framework.AopConfigException
2025-05-04 15:03:57 [Test worker] TRACE o.s.aop.framework.CglibAopProxy - Method is declared on Advised interface: public abstract void org.springframework.aop.framework.Advised.addAdvisor(int,org.springframework.aop.Advisor) throws org.springframework.aop.framework.AopConfigException
2025-05-04 15:03:57 [Test worker] TRACE o.s.aop.framework.CglibAopProxy - Method is declared on Advised interface: public abstract boolean org.springframework.aop.framework.Advised.removeAdvisor(org.springframework.aop.Advisor)
2025-05-04 15:03:57 [Test worker] TRACE o.s.aop.framework.CglibAopProxy - Method is declared on Advised interface: public abstract void org.springframework.aop.framework.Advised.removeAdvisor(int) throws org.springframework.aop.framework.AopConfigException
2025-05-04 15:03:57 [Test worker] TRACE o.s.aop.framework.CglibAopProxy - Method is declared on Advised interface: public abstract boolean org.springframework.aop.framework.Advised.replaceAdvisor(org.springframework.aop.Advisor,org.springframework.aop.Advisor) throws org.springframework.aop.framework.AopConfigException
2025-05-04 15:03:57 [Test worker] TRACE o.s.aop.framework.CglibAopProxy - Method is declared on Advised interface: public abstract void org.springframework.aop.framework.Advised.addAdvice(int,org.aopalliance.aop.Advice) throws org.springframework.aop.framework.AopConfigException
2025-05-04 15:03:57 [Test worker] TRACE o.s.aop.framework.CglibAopProxy - Method is declared on Advised interface: public abstract void org.springframework.aop.framework.Advised.addAdvice(org.aopalliance.aop.Advice) throws org.springframework.aop.framework.AopConfigException
2025-05-04 15:03:57 [Test worker] TRACE o.s.aop.framework.CglibAopProxy - Method is declared on Advised interface: public abstract boolean org.springframework.aop.framework.Advised.removeAdvice(org.aopalliance.aop.Advice)
2025-05-04 15:03:57 [Test worker] TRACE o.s.aop.framework.CglibAopProxy - Method is declared on Advised interface: public abstract java.lang.String org.springframework.aop.framework.Advised.toProxyConfigString()
2025-05-04 15:03:57 [Test worker] TRACE o.s.aop.framework.CglibAopProxy - Method is declared on Advised interface: public abstract java.lang.Class org.springframework.aop.TargetClassAware.getTargetClass()
2025-05-04 15:03:57 [Test worker] TRACE o.s.aop.framework.JdkDynamicAopProxy - Creating JDK dynamic proxy: org.springframework.data.jpa.repository.support.CrudMethodMetadataPostProcessor$ThreadBoundTargetSource@564d9ec2
2025-05-04 15:03:57 [Test worker] TRACE o.s.aop.framework.JdkDynamicAopProxy - Creating JDK dynamic proxy: SingletonTargetSource for target object [org.springframework.data.jpa.repository.support.SimpleJpaRepository@ced7e4a]
2025-05-04 15:03:57 [Test worker] TRACE o.s.a.a.a.AnnotationAwareAspectJAutoProxyCreator - Creating implicit proxy for bean 'auditServiceImpl' with 0 common interceptors and 1 specific interceptors
2025-05-04 15:03:57 [Test worker] TRACE o.s.aop.framework.CglibAopProxy - Creating CGLIB proxy: SingletonTargetSource for target object [codegym.c10.hotel.service.audit.AuditServiceImpl@f5b08d4]
2025-05-04 15:03:57 [Test worker] TRACE o.s.aop.framework.CglibAopProxy - Unable to apply any optimizations to advised method: public java.util.List codegym.c10.hotel.service.audit.AuditServiceImpl.getRevisions(java.lang.Class,java.lang.Object)
2025-05-04 15:03:57 [Test worker] TRACE o.s.aop.framework.CglibAopProxy - Unable to apply any optimizations to advised method: public codegym.c10.hotel.dto.EntityRevisionDTO codegym.c10.hotel.service.audit.AuditServiceImpl.getRevision(java.lang.Class,java.lang.Object,int)
2025-05-04 15:03:57 [Test worker] TRACE o.s.aop.framework.CglibAopProxy - Found 'equals' method: public boolean java.lang.Object.equals(java.lang.Object)
2025-05-04 15:03:57 [Test worker] TRACE o.s.aop.framework.CglibAopProxy - Unable to apply any optimizations to advised method: public java.lang.String java.lang.Object.toString()
2025-05-04 15:03:57 [Test worker] TRACE o.s.aop.framework.CglibAopProxy - Found 'hashCode' method: public native int java.lang.Object.hashCode()
2025-05-04 15:03:57 [Test worker] TRACE o.s.aop.framework.CglibAopProxy - Unable to apply any optimizations to advised method: protected native java.lang.Object java.lang.Object.clone() throws java.lang.CloneNotSupportedException
2025-05-04 15:03:57 [Test worker] TRACE o.s.aop.framework.CglibAopProxy - Method is declared on Advised interface: public abstract int org.springframework.aop.framework.Advised.indexOf(org.springframework.aop.Advisor)
2025-05-04 15:03:57 [Test worker] TRACE o.s.aop.framework.CglibAopProxy - Method is declared on Advised interface: public abstract int org.springframework.aop.framework.Advised.indexOf(org.aopalliance.aop.Advice)
2025-05-04 15:03:57 [Test worker] TRACE o.s.aop.framework.CglibAopProxy - Method is declared on Advised interface: public abstract boolean org.springframework.aop.framework.Advised.isFrozen()
2025-05-04 15:03:57 [Test worker] TRACE o.s.aop.framework.CglibAopProxy - Method is declared on Advised interface: public abstract org.springframework.aop.TargetSource org.springframework.aop.framework.Advised.getTargetSource()
2025-05-04 15:03:57 [Test worker] TRACE o.s.aop.framework.CglibAopProxy - Method is declared on Advised interface: public abstract java.lang.Class[] org.springframework.aop.framework.Advised.getProxiedInterfaces()
2025-05-04 15:03:57 [Test worker] TRACE o.s.aop.framework.CglibAopProxy - Method is declared on Advised interface: public abstract boolean org.springframework.aop.framework.Advised.isInterfaceProxied(java.lang.Class)
2025-05-04 15:03:57 [Test worker] TRACE o.s.aop.framework.CglibAopProxy - Method is declared on Advised interface: public default int org.springframework.aop.framework.Advised.getAdvisorCount()
2025-05-04 15:03:57 [Test worker] TRACE o.s.aop.framework.CglibAopProxy - Method is declared on Advised interface: public abstract org.springframework.aop.Advisor[] org.springframework.aop.framework.Advised.getAdvisors()
2025-05-04 15:03:57 [Test worker] TRACE o.s.aop.framework.CglibAopProxy - Method is declared on Advised interface: public abstract boolean org.springframework.aop.framework.Advised.isProxyTargetClass()
2025-05-04 15:03:57 [Test worker] TRACE o.s.aop.framework.CglibAopProxy - Method is declared on Advised interface: public abstract void org.springframework.aop.framework.Advised.setTargetSource(org.springframework.aop.TargetSource)
2025-05-04 15:03:57 [Test worker] TRACE o.s.aop.framework.CglibAopProxy - Method is declared on Advised interface: public abstract void org.springframework.aop.framework.Advised.setExposeProxy(boolean)
2025-05-04 15:03:57 [Test worker] TRACE o.s.aop.framework.CglibAopProxy - Method is declared on Advised interface: public abstract boolean org.springframework.aop.framework.Advised.isExposeProxy()
2025-05-04 15:03:57 [Test worker] TRACE o.s.aop.framework.CglibAopProxy - Method is declared on Advised interface: public abstract void org.springframework.aop.framework.Advised.setPreFiltered(boolean)
2025-05-04 15:03:57 [Test worker] TRACE o.s.aop.framework.CglibAopProxy - Method is declared on Advised interface: public abstract boolean org.springframework.aop.framework.Advised.isPreFiltered()
2025-05-04 15:03:57 [Test worker] TRACE o.s.aop.framework.CglibAopProxy - Method is declared on Advised interface: public abstract void org.springframework.aop.framework.Advised.addAdvisor(org.springframework.aop.Advisor) throws org.springframework.aop.framework.AopConfigException
2025-05-04 15:03:57 [Test worker] TRACE o.s.aop.framework.CglibAopProxy - Method is declared on Advised interface: public abstract void org.springframework.aop.framework.Advised.addAdvisor(int,org.springframework.aop.Advisor) throws org.springframework.aop.framework.AopConfigException
2025-05-04 15:03:57 [Test worker] TRACE o.s.aop.framework.CglibAopProxy - Method is declared on Advised interface: public abstract boolean org.springframework.aop.framework.Advised.removeAdvisor(org.springframework.aop.Advisor)
2025-05-04 15:03:57 [Test worker] TRACE o.s.aop.framework.CglibAopProxy - Method is declared on Advised interface: public abstract void org.springframework.aop.framework.Advised.removeAdvisor(int) throws org.springframework.aop.framework.AopConfigException
2025-05-04 15:03:57 [Test worker] TRACE o.s.aop.framework.CglibAopProxy - Method is declared on Advised interface: public abstract boolean org.springframework.aop.framework.Advised.replaceAdvisor(org.springframework.aop.Advisor,org.springframework.aop.Advisor) throws org.springframework.aop.framework.AopConfigException
2025-05-04 15:03:57 [Test worker] TRACE o.s.aop.framework.CglibAopProxy - Method is declared on Advised interface: public abstract void org.springframework.aop.framework.Advised.addAdvice(int,org.aopalliance.aop.Advice) throws org.springframework.aop.framework.AopConfigException
2025-05-04 15:03:57 [Test worker] TRACE o.s.aop.framework.CglibAopProxy - Method is declared on Advised interface: public abstract void org.springframework.aop.framework.Advised.addAdvice(org.aopalliance.aop.Advice) throws org.springframework.aop.framework.AopConfigException
2025-05-04 15:03:57 [Test worker] TRACE o.s.aop.framework.CglibAopProxy - Method is declared on Advised interface: public abstract boolean org.springframework.aop.framework.Advised.removeAdvice(org.aopalliance.aop.Advice)
2025-05-04 15:03:57 [Test worker] TRACE o.s.aop.framework.CglibAopProxy - Method is declared on Advised interface: public abstract java.lang.String org.springframework.aop.framework.Advised.toProxyConfigString()
2025-05-04 15:03:57 [Test worker] TRACE o.s.aop.framework.CglibAopProxy - Method is declared on Advised interface: public abstract java.lang.Class org.springframework.aop.TargetClassAware.getTargetClass()
2025-05-04 15:03:57 [Test worker] TRACE o.s.a.a.a.AnnotationAwareAspectJAutoProxyCreator - Creating implicit proxy for bean 'auditController' with 0 common interceptors and 1 specific interceptors
2025-05-04 15:03:57 [Test worker] TRACE o.s.aop.framework.CglibAopProxy - Creating CGLIB proxy: SingletonTargetSource for target object [codegym.c10.hotel.controller.AuditController@3656a6cd]
2025-05-04 15:03:57 [Test worker] TRACE o.s.aop.framework.CglibAopProxy - Unable to apply any optimizations to advised method: public org.springframework.http.ResponseEntity codegym.c10.hotel.controller.AuditController.getAuditedEntityTypes()
2025-05-04 15:03:57 [Test worker] TRACE o.s.aop.framework.CglibAopProxy - Unable to apply any optimizations to advised method: public org.springframework.http.ResponseEntity codegym.c10.hotel.controller.AuditController.getEntityRevisions(java.lang.String,java.lang.Long)
2025-05-04 15:03:57 [Test worker] TRACE o.s.aop.framework.CglibAopProxy - Unable to apply any optimizations to advised method: public org.springframework.http.ResponseEntity codegym.c10.hotel.controller.AuditController.getEntityRevision(java.lang.String,java.lang.Long,int)
2025-05-04 15:03:57 [Test worker] TRACE o.s.aop.framework.CglibAopProxy - Found 'equals' method: public boolean java.lang.Object.equals(java.lang.Object)
2025-05-04 15:03:57 [Test worker] TRACE o.s.aop.framework.CglibAopProxy - Unable to apply any optimizations to advised method: public java.lang.String java.lang.Object.toString()
2025-05-04 15:03:57 [Test worker] TRACE o.s.aop.framework.CglibAopProxy - Found 'hashCode' method: public native int java.lang.Object.hashCode()
2025-05-04 15:03:57 [Test worker] TRACE o.s.aop.framework.CglibAopProxy - Unable to apply any optimizations to advised method: protected native java.lang.Object java.lang.Object.clone() throws java.lang.CloneNotSupportedException
2025-05-04 15:03:57 [Test worker] TRACE o.s.aop.framework.CglibAopProxy - Method is declared on Advised interface: public abstract int org.springframework.aop.framework.Advised.indexOf(org.springframework.aop.Advisor)
2025-05-04 15:03:57 [Test worker] TRACE o.s.aop.framework.CglibAopProxy - Method is declared on Advised interface: public abstract int org.springframework.aop.framework.Advised.indexOf(org.aopalliance.aop.Advice)
2025-05-04 15:03:57 [Test worker] TRACE o.s.aop.framework.CglibAopProxy - Method is declared on Advised interface: public abstract boolean org.springframework.aop.framework.Advised.isFrozen()
2025-05-04 15:03:57 [Test worker] TRACE o.s.aop.framework.CglibAopProxy - Method is declared on Advised interface: public abstract org.springframework.aop.TargetSource org.springframework.aop.framework.Advised.getTargetSource()
2025-05-04 15:03:57 [Test worker] TRACE o.s.aop.framework.CglibAopProxy - Method is declared on Advised interface: public abstract java.lang.Class[] org.springframework.aop.framework.Advised.getProxiedInterfaces()
2025-05-04 15:03:57 [Test worker] TRACE o.s.aop.framework.CglibAopProxy - Method is declared on Advised interface: public abstract boolean org.springframework.aop.framework.Advised.isInterfaceProxied(java.lang.Class)
2025-05-04 15:03:57 [Test worker] TRACE o.s.aop.framework.CglibAopProxy - Method is declared on Advised interface: public default int org.springframework.aop.framework.Advised.getAdvisorCount()
2025-05-04 15:03:57 [Test worker] TRACE o.s.aop.framework.CglibAopProxy - Method is declared on Advised interface: public abstract org.springframework.aop.Advisor[] org.springframework.aop.framework.Advised.getAdvisors()
2025-05-04 15:03:57 [Test worker] TRACE o.s.aop.framework.CglibAopProxy - Method is declared on Advised interface: public abstract boolean org.springframework.aop.framework.Advised.isProxyTargetClass()
2025-05-04 15:03:57 [Test worker] TRACE o.s.aop.framework.CglibAopProxy - Method is declared on Advised interface: public abstract void org.springframework.aop.framework.Advised.setTargetSource(org.springframework.aop.TargetSource)
2025-05-04 15:03:57 [Test worker] TRACE o.s.aop.framework.CglibAopProxy - Method is declared on Advised interface: public abstract void org.springframework.aop.framework.Advised.setExposeProxy(boolean)
2025-05-04 15:03:57 [Test worker] TRACE o.s.aop.framework.CglibAopProxy - Method is declared on Advised interface: public abstract boolean org.springframework.aop.framework.Advised.isExposeProxy()
2025-05-04 15:03:57 [Test worker] TRACE o.s.aop.framework.CglibAopProxy - Method is declared on Advised interface: public abstract void org.springframework.aop.framework.Advised.setPreFiltered(boolean)
2025-05-04 15:03:57 [Test worker] TRACE o.s.aop.framework.CglibAopProxy - Method is declared on Advised interface: public abstract boolean org.springframework.aop.framework.Advised.isPreFiltered()
2025-05-04 15:03:57 [Test worker] TRACE o.s.aop.framework.CglibAopProxy - Method is declared on Advised interface: public abstract void org.springframework.aop.framework.Advised.addAdvisor(org.springframework.aop.Advisor) throws org.springframework.aop.framework.AopConfigException
2025-05-04 15:03:57 [Test worker] TRACE o.s.aop.framework.CglibAopProxy - Method is declared on Advised interface: public abstract void org.springframework.aop.framework.Advised.addAdvisor(int,org.springframework.aop.Advisor) throws org.springframework.aop.framework.AopConfigException
2025-05-04 15:03:57 [Test worker] TRACE o.s.aop.framework.CglibAopProxy - Method is declared on Advised interface: public abstract boolean org.springframework.aop.framework.Advised.removeAdvisor(org.springframework.aop.Advisor)
2025-05-04 15:03:57 [Test worker] TRACE o.s.aop.framework.CglibAopProxy - Method is declared on Advised interface: public abstract void org.springframework.aop.framework.Advised.removeAdvisor(int) throws org.springframework.aop.framework.AopConfigException
2025-05-04 15:03:57 [Test worker] TRACE o.s.aop.framework.CglibAopProxy - Method is declared on Advised interface: public abstract boolean org.springframework.aop.framework.Advised.replaceAdvisor(org.springframework.aop.Advisor,org.springframework.aop.Advisor) throws org.springframework.aop.framework.AopConfigException
2025-05-04 15:03:57 [Test worker] TRACE o.s.aop.framework.CglibAopProxy - Method is declared on Advised interface: public abstract void org.springframework.aop.framework.Advised.addAdvice(int,org.aopalliance.aop.Advice) throws org.springframework.aop.framework.AopConfigException
2025-05-04 15:03:57 [Test worker] TRACE o.s.aop.framework.CglibAopProxy - Method is declared on Advised interface: public abstract void org.springframework.aop.framework.Advised.addAdvice(org.aopalliance.aop.Advice) throws org.springframework.aop.framework.AopConfigException
2025-05-04 15:03:57 [Test worker] TRACE o.s.aop.framework.CglibAopProxy - Method is declared on Advised interface: public abstract boolean org.springframework.aop.framework.Advised.removeAdvice(org.aopalliance.aop.Advice)
2025-05-04 15:03:57 [Test worker] TRACE o.s.aop.framework.CglibAopProxy - Method is declared on Advised interface: public abstract java.lang.String org.springframework.aop.framework.Advised.toProxyConfigString()
2025-05-04 15:03:57 [Test worker] TRACE o.s.aop.framework.CglibAopProxy - Method is declared on Advised interface: public abstract java.lang.Class org.springframework.aop.TargetClassAware.getTargetClass()
2025-05-04 15:03:57 [Test worker] TRACE o.s.aop.framework.JdkDynamicAopProxy - Creating JDK dynamic proxy: org.springframework.context.annotation.ContextAnnotationAutowireCandidateResolver$LazyDependencyTargetSource@5f33123
2025-05-04 15:03:57 [Test worker] TRACE o.s.a.a.a.AnnotationAwareAspectJAutoProxyCreator - Creating implicit proxy for bean 'userService' with 0 common interceptors and 3 specific interceptors
2025-05-04 15:03:57 [Test worker] TRACE o.s.aop.framework.CglibAopProxy - Creating CGLIB proxy: SingletonTargetSource for target object [codegym.c10.hotel.service.user.UserService@6208f81c]
2025-05-04 15:03:57 [Test worker] TRACE o.s.aop.framework.CglibAopProxy - Unable to apply any optimizations to advised method: public java.util.Optional codegym.c10.hotel.service.user.UserService.findById(java.lang.Long)
2025-05-04 15:03:57 [Test worker] TRACE o.s.aop.framework.CglibAopProxy - Unable to apply any optimizations to advised method: public boolean codegym.c10.hotel.service.user.UserService.existsById(java.lang.Long)
2025-05-04 15:03:57 [Test worker] TRACE o.s.aop.framework.CglibAopProxy - Unable to apply any optimizations to advised method: public void codegym.c10.hotel.service.user.UserService.remove(java.lang.Long)
2025-05-04 15:03:57 [Test worker] TRACE o.s.aop.framework.CglibAopProxy - Unable to apply any optimizations to advised method: public codegym.c10.hotel.entity.User codegym.c10.hotel.service.user.UserService.update(codegym.c10.hotel.entity.User)
2025-05-04 15:03:57 [Test worker] TRACE o.s.aop.framework.CglibAopProxy - Unable to apply any optimizations to advised method: public void codegym.c10.hotel.service.user.UserService.delete(codegym.c10.hotel.entity.User)
2025-05-04 15:03:57 [Test worker] TRACE o.s.aop.framework.CglibAopProxy - Unable to apply any optimizations to advised method: public java.lang.Object codegym.c10.hotel.service.user.UserService.save(java.lang.Object)
2025-05-04 15:03:57 [Test worker] TRACE o.s.aop.framework.CglibAopProxy - Unable to apply any optimizations to advised method: public codegym.c10.hotel.entity.User codegym.c10.hotel.service.user.UserService.save(codegym.c10.hotel.entity.User)
2025-05-04 15:03:57 [Test worker] TRACE o.s.aop.framework.CglibAopProxy - Unable to apply any optimizations to advised method: public java.lang.Iterable codegym.c10.hotel.service.user.UserService.findAll()
2025-05-04 15:03:57 [Test worker] TRACE o.s.aop.framework.CglibAopProxy - Unable to apply any optimizations to advised method: public java.util.List codegym.c10.hotel.service.user.UserService.findAll()
2025-05-04 15:03:57 [Test worker] TRACE o.s.aop.framework.CglibAopProxy - Unable to apply any optimizations to advised method: public org.springframework.security.core.userdetails.UserDetails codegym.c10.hotel.service.user.UserService.loadUserByUsername(java.lang.String) throws org.springframework.security.core.userdetails.UsernameNotFoundException
2025-05-04 15:03:57 [Test worker] TRACE o.s.aop.framework.CglibAopProxy - Unable to apply any optimizations to advised method: public codegym.c10.hotel.entity.User codegym.c10.hotel.service.user.UserService.findByUsername(java.lang.String)
2025-05-04 15:03:57 [Test worker] TRACE o.s.aop.framework.CglibAopProxy - Unable to apply any optimizations to advised method: public codegym.c10.hotel.dto.ApiResponse codegym.c10.hotel.service.user.UserService.loginUser(codegym.c10.hotel.dto.auth.LoginRequest)
2025-05-04 15:03:57 [Test worker] TRACE o.s.aop.framework.CglibAopProxy - Unable to apply any optimizations to advised method: public codegym.c10.hotel.dto.ApiResponse codegym.c10.hotel.service.user.UserService.registerUser(codegym.c10.hotel.dto.auth.SignupRequest)
2025-05-04 15:03:57 [Test worker] TRACE o.s.aop.framework.CglibAopProxy - Unable to apply any optimizations to advised method: public codegym.c10.hotel.dto.ApiResponse codegym.c10.hotel.service.user.UserService.logoutUser()
2025-05-04 15:03:57 [Test worker] TRACE o.s.aop.framework.CglibAopProxy - Unable to apply any optimizations to advised method: public codegym.c10.hotel.dto.ApiResponse codegym.c10.hotel.service.user.UserService.changePassword(java.lang.String,java.lang.String,java.lang.String)
2025-05-04 15:03:57 [Test worker] TRACE o.s.aop.framework.CglibAopProxy - Unable to apply any optimizations to advised method: public codegym.c10.hotel.entity.User codegym.c10.hotel.service.user.UserService.getUser(java.lang.String)
2025-05-04 15:03:57 [Test worker] TRACE o.s.aop.framework.CglibAopProxy - Found 'equals' method: public boolean java.lang.Object.equals(java.lang.Object)
2025-05-04 15:03:57 [Test worker] TRACE o.s.aop.framework.CglibAopProxy - Unable to apply any optimizations to advised method: public java.lang.String java.lang.Object.toString()
2025-05-04 15:03:57 [Test worker] TRACE o.s.aop.framework.CglibAopProxy - Found 'hashCode' method: public native int java.lang.Object.hashCode()
2025-05-04 15:03:57 [Test worker] TRACE o.s.aop.framework.CglibAopProxy - Unable to apply any optimizations to advised method: protected native java.lang.Object java.lang.Object.clone() throws java.lang.CloneNotSupportedException
2025-05-04 15:03:57 [Test worker] TRACE o.s.aop.framework.CglibAopProxy - Method is declared on Advised interface: public abstract int org.springframework.aop.framework.Advised.indexOf(org.springframework.aop.Advisor)
2025-05-04 15:03:57 [Test worker] TRACE o.s.aop.framework.CglibAopProxy - Method is declared on Advised interface: public abstract int org.springframework.aop.framework.Advised.indexOf(org.aopalliance.aop.Advice)
2025-05-04 15:03:57 [Test worker] TRACE o.s.aop.framework.CglibAopProxy - Method is declared on Advised interface: public abstract boolean org.springframework.aop.framework.Advised.isFrozen()
2025-05-04 15:03:57 [Test worker] TRACE o.s.aop.framework.CglibAopProxy - Method is declared on Advised interface: public abstract org.springframework.aop.TargetSource org.springframework.aop.framework.Advised.getTargetSource()
2025-05-04 15:03:57 [Test worker] TRACE o.s.aop.framework.CglibAopProxy - Method is declared on Advised interface: public abstract java.lang.Class[] org.springframework.aop.framework.Advised.getProxiedInterfaces()
2025-05-04 15:03:57 [Test worker] TRACE o.s.aop.framework.CglibAopProxy - Method is declared on Advised interface: public abstract boolean org.springframework.aop.framework.Advised.isInterfaceProxied(java.lang.Class)
2025-05-04 15:03:57 [Test worker] TRACE o.s.aop.framework.CglibAopProxy - Method is declared on Advised interface: public default int org.springframework.aop.framework.Advised.getAdvisorCount()
2025-05-04 15:03:57 [Test worker] TRACE o.s.aop.framework.CglibAopProxy - Method is declared on Advised interface: public abstract org.springframework.aop.Advisor[] org.springframework.aop.framework.Advised.getAdvisors()
2025-05-04 15:03:57 [Test worker] TRACE o.s.aop.framework.CglibAopProxy - Method is declared on Advised interface: public abstract boolean org.springframework.aop.framework.Advised.isProxyTargetClass()
2025-05-04 15:03:57 [Test worker] TRACE o.s.aop.framework.CglibAopProxy - Method is declared on Advised interface: public abstract void org.springframework.aop.framework.Advised.setTargetSource(org.springframework.aop.TargetSource)
2025-05-04 15:03:57 [Test worker] TRACE o.s.aop.framework.CglibAopProxy - Method is declared on Advised interface: public abstract void org.springframework.aop.framework.Advised.setExposeProxy(boolean)
2025-05-04 15:03:57 [Test worker] TRACE o.s.aop.framework.CglibAopProxy - Method is declared on Advised interface: public abstract boolean org.springframework.aop.framework.Advised.isExposeProxy()
2025-05-04 15:03:57 [Test worker] TRACE o.s.aop.framework.CglibAopProxy - Method is declared on Advised interface: public abstract void org.springframework.aop.framework.Advised.setPreFiltered(boolean)
2025-05-04 15:03:57 [Test worker] TRACE o.s.aop.framework.CglibAopProxy - Method is declared on Advised interface: public abstract boolean org.springframework.aop.framework.Advised.isPreFiltered()
2025-05-04 15:03:57 [Test worker] TRACE o.s.aop.framework.CglibAopProxy - Method is declared on Advised interface: public abstract void org.springframework.aop.framework.Advised.addAdvisor(org.springframework.aop.Advisor) throws org.springframework.aop.framework.AopConfigException
2025-05-04 15:03:57 [Test worker] TRACE o.s.aop.framework.CglibAopProxy - Method is declared on Advised interface: public abstract void org.springframework.aop.framework.Advised.addAdvisor(int,org.springframework.aop.Advisor) throws org.springframework.aop.framework.AopConfigException
2025-05-04 15:03:57 [Test worker] TRACE o.s.aop.framework.CglibAopProxy - Method is declared on Advised interface: public abstract boolean org.springframework.aop.framework.Advised.removeAdvisor(org.springframework.aop.Advisor)
2025-05-04 15:03:57 [Test worker] TRACE o.s.aop.framework.CglibAopProxy - Method is declared on Advised interface: public abstract void org.springframework.aop.framework.Advised.removeAdvisor(int) throws org.springframework.aop.framework.AopConfigException
2025-05-04 15:03:57 [Test worker] TRACE o.s.aop.framework.CglibAopProxy - Method is declared on Advised interface: public abstract boolean org.springframework.aop.framework.Advised.replaceAdvisor(org.springframework.aop.Advisor,org.springframework.aop.Advisor) throws org.springframework.aop.framework.AopConfigException
2025-05-04 15:03:57 [Test worker] TRACE o.s.aop.framework.CglibAopProxy - Method is declared on Advised interface: public abstract void org.springframework.aop.framework.Advised.addAdvice(int,org.aopalliance.aop.Advice) throws org.springframework.aop.framework.AopConfigException
2025-05-04 15:03:57 [Test worker] TRACE o.s.aop.framework.CglibAopProxy - Method is declared on Advised interface: public abstract void org.springframework.aop.framework.Advised.addAdvice(org.aopalliance.aop.Advice) throws org.springframework.aop.framework.AopConfigException
2025-05-04 15:03:57 [Test worker] TRACE o.s.aop.framework.CglibAopProxy - Method is declared on Advised interface: public abstract boolean org.springframework.aop.framework.Advised.removeAdvice(org.aopalliance.aop.Advice)
2025-05-04 15:03:57 [Test worker] TRACE o.s.aop.framework.CglibAopProxy - Method is declared on Advised interface: public abstract java.lang.String org.springframework.aop.framework.Advised.toProxyConfigString()
2025-05-04 15:03:57 [Test worker] TRACE o.s.aop.framework.CglibAopProxy - Method is declared on Advised interface: public abstract java.lang.Class org.springframework.aop.TargetClassAware.getTargetClass()
2025-05-04 15:03:57 [Test worker] TRACE o.s.a.a.a.AnnotationAwareAspectJAutoProxyCreator - Creating implicit proxy for bean 'authController' with 0 common interceptors and 1 specific interceptors
2025-05-04 15:03:57 [Test worker] TRACE o.s.aop.framework.CglibAopProxy - Creating CGLIB proxy: SingletonTargetSource for target object [codegym.c10.hotel.controller.AuthController@731819a0]
2025-05-04 15:03:57 [Test worker] TRACE o.s.aop.framework.CglibAopProxy - Unable to apply any optimizations to advised method: public org.springframework.http.ResponseEntity codegym.c10.hotel.controller.AuthController.logout()
2025-05-04 15:03:57 [Test worker] TRACE o.s.aop.framework.CglibAopProxy - Unable to apply any optimizations to advised method: public org.springframework.http.ResponseEntity codegym.c10.hotel.controller.AuthController.registerUser(codegym.c10.hotel.dto.auth.SignupRequest)
2025-05-04 15:03:57 [Test worker] TRACE o.s.aop.framework.CglibAopProxy - Unable to apply any optimizations to advised method: public org.springframework.http.ResponseEntity codegym.c10.hotel.controller.AuthController.changePassword(codegym.c10.hotel.dto.auth.ChangePassDto)
2025-05-04 15:03:57 [Test worker] TRACE o.s.aop.framework.CglibAopProxy - Unable to apply any optimizations to advised method: public org.springframework.http.ResponseEntity codegym.c10.hotel.controller.AuthController.authenticateUser(codegym.c10.hotel.dto.auth.LoginRequest)
2025-05-04 15:03:57 [Test worker] TRACE o.s.aop.framework.CglibAopProxy - Unable to apply any optimizations to advised method: public org.springframework.http.ResponseEntity codegym.c10.hotel.controller.AuthController.getCurrentUserPermissions()
2025-05-04 15:03:57 [Test worker] TRACE o.s.aop.framework.CglibAopProxy - Found 'equals' method: public boolean java.lang.Object.equals(java.lang.Object)
2025-05-04 15:03:57 [Test worker] TRACE o.s.aop.framework.CglibAopProxy - Unable to apply any optimizations to advised method: public java.lang.String java.lang.Object.toString()
2025-05-04 15:03:57 [Test worker] TRACE o.s.aop.framework.CglibAopProxy - Found 'hashCode' method: public native int java.lang.Object.hashCode()
2025-05-04 15:03:57 [Test worker] TRACE o.s.aop.framework.CglibAopProxy - Unable to apply any optimizations to advised method: protected native java.lang.Object java.lang.Object.clone() throws java.lang.CloneNotSupportedException
2025-05-04 15:03:57 [Test worker] TRACE o.s.aop.framework.CglibAopProxy - Method is declared on Advised interface: public abstract int org.springframework.aop.framework.Advised.indexOf(org.springframework.aop.Advisor)
2025-05-04 15:03:57 [Test worker] TRACE o.s.aop.framework.CglibAopProxy - Method is declared on Advised interface: public abstract int org.springframework.aop.framework.Advised.indexOf(org.aopalliance.aop.Advice)
2025-05-04 15:03:57 [Test worker] TRACE o.s.aop.framework.CglibAopProxy - Method is declared on Advised interface: public abstract boolean org.springframework.aop.framework.Advised.isFrozen()
2025-05-04 15:03:57 [Test worker] TRACE o.s.aop.framework.CglibAopProxy - Method is declared on Advised interface: public abstract org.springframework.aop.TargetSource org.springframework.aop.framework.Advised.getTargetSource()
2025-05-04 15:03:57 [Test worker] TRACE o.s.aop.framework.CglibAopProxy - Method is declared on Advised interface: public abstract java.lang.Class[] org.springframework.aop.framework.Advised.getProxiedInterfaces()
2025-05-04 15:03:57 [Test worker] TRACE o.s.aop.framework.CglibAopProxy - Method is declared on Advised interface: public abstract boolean org.springframework.aop.framework.Advised.isInterfaceProxied(java.lang.Class)
2025-05-04 15:03:57 [Test worker] TRACE o.s.aop.framework.CglibAopProxy - Method is declared on Advised interface: public default int org.springframework.aop.framework.Advised.getAdvisorCount()
2025-05-04 15:03:57 [Test worker] TRACE o.s.aop.framework.CglibAopProxy - Method is declared on Advised interface: public abstract org.springframework.aop.Advisor[] org.springframework.aop.framework.Advised.getAdvisors()
2025-05-04 15:03:57 [Test worker] TRACE o.s.aop.framework.CglibAopProxy - Method is declared on Advised interface: public abstract boolean org.springframework.aop.framework.Advised.isProxyTargetClass()
2025-05-04 15:03:57 [Test worker] TRACE o.s.aop.framework.CglibAopProxy - Method is declared on Advised interface: public abstract void org.springframework.aop.framework.Advised.setTargetSource(org.springframework.aop.TargetSource)
2025-05-04 15:03:57 [Test worker] TRACE o.s.aop.framework.CglibAopProxy - Method is declared on Advised interface: public abstract void org.springframework.aop.framework.Advised.setExposeProxy(boolean)
2025-05-04 15:03:57 [Test worker] TRACE o.s.aop.framework.CglibAopProxy - Method is declared on Advised interface: public abstract boolean org.springframework.aop.framework.Advised.isExposeProxy()
2025-05-04 15:03:57 [Test worker] TRACE o.s.aop.framework.CglibAopProxy - Method is declared on Advised interface: public abstract void org.springframework.aop.framework.Advised.setPreFiltered(boolean)
2025-05-04 15:03:57 [Test worker] TRACE o.s.aop.framework.CglibAopProxy - Method is declared on Advised interface: public abstract boolean org.springframework.aop.framework.Advised.isPreFiltered()
2025-05-04 15:03:57 [Test worker] TRACE o.s.aop.framework.CglibAopProxy - Method is declared on Advised interface: public abstract void org.springframework.aop.framework.Advised.addAdvisor(org.springframework.aop.Advisor) throws org.springframework.aop.framework.AopConfigException
2025-05-04 15:03:57 [Test worker] TRACE o.s.aop.framework.CglibAopProxy - Method is declared on Advised interface: public abstract void org.springframework.aop.framework.Advised.addAdvisor(int,org.springframework.aop.Advisor) throws org.springframework.aop.framework.AopConfigException
2025-05-04 15:03:57 [Test worker] TRACE o.s.aop.framework.CglibAopProxy - Method is declared on Advised interface: public abstract boolean org.springframework.aop.framework.Advised.removeAdvisor(org.springframework.aop.Advisor)
2025-05-04 15:03:57 [Test worker] TRACE o.s.aop.framework.CglibAopProxy - Method is declared on Advised interface: public abstract void org.springframework.aop.framework.Advised.removeAdvisor(int) throws org.springframework.aop.framework.AopConfigException
2025-05-04 15:03:57 [Test worker] TRACE o.s.aop.framework.CglibAopProxy - Method is declared on Advised interface: public abstract boolean org.springframework.aop.framework.Advised.replaceAdvisor(org.springframework.aop.Advisor,org.springframework.aop.Advisor) throws org.springframework.aop.framework.AopConfigException
2025-05-04 15:03:57 [Test worker] TRACE o.s.aop.framework.CglibAopProxy - Method is declared on Advised interface: public abstract void org.springframework.aop.framework.Advised.addAdvice(int,org.aopalliance.aop.Advice) throws org.springframework.aop.framework.AopConfigException
2025-05-04 15:03:57 [Test worker] TRACE o.s.aop.framework.CglibAopProxy - Method is declared on Advised interface: public abstract void org.springframework.aop.framework.Advised.addAdvice(org.aopalliance.aop.Advice) throws org.springframework.aop.framework.AopConfigException
2025-05-04 15:03:57 [Test worker] TRACE o.s.aop.framework.CglibAopProxy - Method is declared on Advised interface: public abstract boolean org.springframework.aop.framework.Advised.removeAdvice(org.aopalliance.aop.Advice)
2025-05-04 15:03:57 [Test worker] TRACE o.s.aop.framework.CglibAopProxy - Method is declared on Advised interface: public abstract java.lang.String org.springframework.aop.framework.Advised.toProxyConfigString()
2025-05-04 15:03:57 [Test worker] TRACE o.s.aop.framework.CglibAopProxy - Method is declared on Advised interface: public abstract java.lang.Class org.springframework.aop.TargetClassAware.getTargetClass()
2025-05-04 15:03:57 [Test worker] TRACE o.s.aop.framework.JdkDynamicAopProxy - Creating JDK dynamic proxy: org.springframework.data.jpa.repository.support.CrudMethodMetadataPostProcessor$ThreadBoundTargetSource@48fbb1bc
2025-05-04 15:03:57 [Test worker] INFO  o.s.d.j.r.query.QueryEnhancerFactory - Hibernate is in classpath; If applicable, HQL parser will be used.
2025-05-04 15:03:59 [Test worker] TRACE o.s.aop.framework.JdkDynamicAopProxy - Creating JDK dynamic proxy: SingletonTargetSource for target object [org.springframework.data.jpa.repository.support.SimpleJpaRepository@6c5ebad]
2025-05-04 15:03:59 [Test worker] TRACE o.s.aop.framework.JdkDynamicAopProxy - Creating JDK dynamic proxy: org.springframework.data.jpa.repository.support.CrudMethodMetadataPostProcessor$ThreadBoundTargetSource@74d82196
2025-05-04 15:03:59 [Test worker] TRACE o.s.aop.framework.JdkDynamicAopProxy - Creating JDK dynamic proxy: SingletonTargetSource for target object [org.springframework.data.jpa.repository.support.SimpleJpaRepository@7ffd3c24]
2025-05-04 15:03:59 [Test worker] TRACE o.s.a.a.a.AnnotationAwareAspectJAutoProxyCreator - Creating implicit proxy for bean 'roomService' with 0 common interceptors and 3 specific interceptors
2025-05-04 15:03:59 [Test worker] TRACE o.s.aop.framework.CglibAopProxy - Creating CGLIB proxy: SingletonTargetSource for target object [codegym.c10.hotel.service.impl.RoomService@534a5e70]
2025-05-04 15:03:59 [Test worker] TRACE o.s.aop.framework.CglibAopProxy - Unable to apply any optimizations to advised method: public java.util.Optional codegym.c10.hotel.service.impl.RoomService.findById(java.lang.Long)
2025-05-04 15:03:59 [Test worker] TRACE o.s.aop.framework.CglibAopProxy - Unable to apply any optimizations to advised method: public java.util.Optional codegym.c10.hotel.service.impl.RoomService.findByIdAndStatusAndIsCleanTrueAndDeletedFalse(java.lang.Long)
2025-05-04 15:03:59 [Test worker] TRACE o.s.aop.framework.CglibAopProxy - Unable to apply any optimizations to advised method: public void codegym.c10.hotel.service.impl.RoomService.remove(java.lang.Long)
2025-05-04 15:03:59 [Test worker] TRACE o.s.aop.framework.CglibAopProxy - Unable to apply any optimizations to advised method: public codegym.c10.hotel.entity.Room codegym.c10.hotel.service.impl.RoomService.update(codegym.c10.hotel.entity.Room)
2025-05-04 15:03:59 [Test worker] TRACE o.s.aop.framework.CglibAopProxy - Unable to apply any optimizations to advised method: public codegym.c10.hotel.entity.Room codegym.c10.hotel.service.impl.RoomService.save(codegym.c10.hotel.entity.Room)
2025-05-04 15:03:59 [Test worker] TRACE o.s.aop.framework.CglibAopProxy - Unable to apply any optimizations to advised method: public java.lang.Object codegym.c10.hotel.service.impl.RoomService.save(java.lang.Object)
2025-05-04 15:03:59 [Test worker] TRACE o.s.aop.framework.CglibAopProxy - Unable to apply any optimizations to advised method: public java.lang.Iterable codegym.c10.hotel.service.impl.RoomService.findAll()
2025-05-04 15:03:59 [Test worker] TRACE o.s.aop.framework.CglibAopProxy - Unable to apply any optimizations to advised method: public org.springframework.data.domain.Page codegym.c10.hotel.service.impl.RoomService.findAllByDeletedFalse(org.springframework.data.domain.Pageable)
2025-05-04 15:03:59 [Test worker] TRACE o.s.aop.framework.CglibAopProxy - Unable to apply any optimizations to advised method: public org.springframework.data.domain.Page codegym.c10.hotel.service.impl.RoomService.advancedSearch(java.lang.String,codegym.c10.hotel.eNum.RoomStatus,java.lang.Integer,org.springframework.data.domain.Pageable)
2025-05-04 15:03:59 [Test worker] TRACE o.s.aop.framework.CglibAopProxy - Unable to apply any optimizations to advised method: public codegym.c10.hotel.entity.Room codegym.c10.hotel.service.impl.RoomService.updateRoomStatus(java.lang.Long,codegym.c10.hotel.eNum.RoomStatus)
2025-05-04 15:03:59 [Test worker] TRACE o.s.aop.framework.CglibAopProxy - Unable to apply any optimizations to advised method: public codegym.c10.hotel.entity.Room codegym.c10.hotel.service.impl.RoomService.updateRoomCleaningStatus(java.lang.Long)
2025-05-04 15:03:59 [Test worker] TRACE o.s.aop.framework.CglibAopProxy - Found 'equals' method: public boolean java.lang.Object.equals(java.lang.Object)
2025-05-04 15:03:59 [Test worker] TRACE o.s.aop.framework.CglibAopProxy - Unable to apply any optimizations to advised method: public java.lang.String java.lang.Object.toString()
2025-05-04 15:03:59 [Test worker] TRACE o.s.aop.framework.CglibAopProxy - Found 'hashCode' method: public native int java.lang.Object.hashCode()
2025-05-04 15:03:59 [Test worker] TRACE o.s.aop.framework.CglibAopProxy - Unable to apply any optimizations to advised method: protected native java.lang.Object java.lang.Object.clone() throws java.lang.CloneNotSupportedException
2025-05-04 15:03:59 [Test worker] TRACE o.s.aop.framework.CglibAopProxy - Method is declared on Advised interface: public abstract int org.springframework.aop.framework.Advised.indexOf(org.springframework.aop.Advisor)
2025-05-04 15:03:59 [Test worker] TRACE o.s.aop.framework.CglibAopProxy - Method is declared on Advised interface: public abstract int org.springframework.aop.framework.Advised.indexOf(org.aopalliance.aop.Advice)
2025-05-04 15:03:59 [Test worker] TRACE o.s.aop.framework.CglibAopProxy - Method is declared on Advised interface: public abstract boolean org.springframework.aop.framework.Advised.isFrozen()
2025-05-04 15:03:59 [Test worker] TRACE o.s.aop.framework.CglibAopProxy - Method is declared on Advised interface: public abstract org.springframework.aop.TargetSource org.springframework.aop.framework.Advised.getTargetSource()
2025-05-04 15:03:59 [Test worker] TRACE o.s.aop.framework.CglibAopProxy - Method is declared on Advised interface: public abstract java.lang.Class[] org.springframework.aop.framework.Advised.getProxiedInterfaces()
2025-05-04 15:03:59 [Test worker] TRACE o.s.aop.framework.CglibAopProxy - Method is declared on Advised interface: public abstract boolean org.springframework.aop.framework.Advised.isInterfaceProxied(java.lang.Class)
2025-05-04 15:03:59 [Test worker] TRACE o.s.aop.framework.CglibAopProxy - Method is declared on Advised interface: public default int org.springframework.aop.framework.Advised.getAdvisorCount()
2025-05-04 15:03:59 [Test worker] TRACE o.s.aop.framework.CglibAopProxy - Method is declared on Advised interface: public abstract org.springframework.aop.Advisor[] org.springframework.aop.framework.Advised.getAdvisors()
2025-05-04 15:03:59 [Test worker] TRACE o.s.aop.framework.CglibAopProxy - Method is declared on Advised interface: public abstract boolean org.springframework.aop.framework.Advised.isProxyTargetClass()
2025-05-04 15:03:59 [Test worker] TRACE o.s.aop.framework.CglibAopProxy - Method is declared on Advised interface: public abstract void org.springframework.aop.framework.Advised.setTargetSource(org.springframework.aop.TargetSource)
2025-05-04 15:03:59 [Test worker] TRACE o.s.aop.framework.CglibAopProxy - Method is declared on Advised interface: public abstract void org.springframework.aop.framework.Advised.setExposeProxy(boolean)
2025-05-04 15:03:59 [Test worker] TRACE o.s.aop.framework.CglibAopProxy - Method is declared on Advised interface: public abstract boolean org.springframework.aop.framework.Advised.isExposeProxy()
2025-05-04 15:03:59 [Test worker] TRACE o.s.aop.framework.CglibAopProxy - Method is declared on Advised interface: public abstract void org.springframework.aop.framework.Advised.setPreFiltered(boolean)
2025-05-04 15:03:59 [Test worker] TRACE o.s.aop.framework.CglibAopProxy - Method is declared on Advised interface: public abstract boolean org.springframework.aop.framework.Advised.isPreFiltered()
2025-05-04 15:03:59 [Test worker] TRACE o.s.aop.framework.CglibAopProxy - Method is declared on Advised interface: public abstract void org.springframework.aop.framework.Advised.addAdvisor(org.springframework.aop.Advisor) throws org.springframework.aop.framework.AopConfigException
2025-05-04 15:03:59 [Test worker] TRACE o.s.aop.framework.CglibAopProxy - Method is declared on Advised interface: public abstract void org.springframework.aop.framework.Advised.addAdvisor(int,org.springframework.aop.Advisor) throws org.springframework.aop.framework.AopConfigException
2025-05-04 15:03:59 [Test worker] TRACE o.s.aop.framework.CglibAopProxy - Method is declared on Advised interface: public abstract boolean org.springframework.aop.framework.Advised.removeAdvisor(org.springframework.aop.Advisor)
2025-05-04 15:03:59 [Test worker] TRACE o.s.aop.framework.CglibAopProxy - Method is declared on Advised interface: public abstract void org.springframework.aop.framework.Advised.removeAdvisor(int) throws org.springframework.aop.framework.AopConfigException
2025-05-04 15:03:59 [Test worker] TRACE o.s.aop.framework.CglibAopProxy - Method is declared on Advised interface: public abstract boolean org.springframework.aop.framework.Advised.replaceAdvisor(org.springframework.aop.Advisor,org.springframework.aop.Advisor) throws org.springframework.aop.framework.AopConfigException
2025-05-04 15:03:59 [Test worker] TRACE o.s.aop.framework.CglibAopProxy - Method is declared on Advised interface: public abstract void org.springframework.aop.framework.Advised.addAdvice(int,org.aopalliance.aop.Advice) throws org.springframework.aop.framework.AopConfigException
2025-05-04 15:03:59 [Test worker] TRACE o.s.aop.framework.CglibAopProxy - Method is declared on Advised interface: public abstract void org.springframework.aop.framework.Advised.addAdvice(org.aopalliance.aop.Advice) throws org.springframework.aop.framework.AopConfigException
2025-05-04 15:03:59 [Test worker] TRACE o.s.aop.framework.CglibAopProxy - Method is declared on Advised interface: public abstract boolean org.springframework.aop.framework.Advised.removeAdvice(org.aopalliance.aop.Advice)
2025-05-04 15:03:59 [Test worker] TRACE o.s.aop.framework.CglibAopProxy - Method is declared on Advised interface: public abstract java.lang.String org.springframework.aop.framework.Advised.toProxyConfigString()
2025-05-04 15:03:59 [Test worker] TRACE o.s.aop.framework.CglibAopProxy - Method is declared on Advised interface: public abstract java.lang.Class org.springframework.aop.TargetClassAware.getTargetClass()
2025-05-04 15:03:59 [Test worker] TRACE o.s.aop.framework.JdkDynamicAopProxy - Creating JDK dynamic proxy: org.springframework.data.jpa.repository.support.CrudMethodMetadataPostProcessor$ThreadBoundTargetSource@43ab3f26
2025-05-04 15:03:59 [Test worker] TRACE o.s.aop.framework.JdkDynamicAopProxy - Creating JDK dynamic proxy: SingletonTargetSource for target object [org.springframework.data.jpa.repository.support.SimpleJpaRepository@5881d8da]
2025-05-04 15:03:59 [Test worker] TRACE o.s.a.a.a.AnnotationAwareAspectJAutoProxyCreator - Creating implicit proxy for bean 'customerServiceImpl' with 0 common interceptors and 2 specific interceptors
2025-05-04 15:03:59 [Test worker] TRACE o.s.aop.framework.CglibAopProxy - Creating CGLIB proxy: SingletonTargetSource for target object [codegym.c10.hotel.service.customer.CustomerServiceImpl@72364ff1]
2025-05-04 15:03:59 [Test worker] TRACE o.s.aop.framework.CglibAopProxy - Unable to apply any optimizations to advised method: public java.util.Optional codegym.c10.hotel.service.customer.CustomerServiceImpl.findById(java.lang.Long)
2025-05-04 15:03:59 [Test worker] TRACE o.s.aop.framework.CglibAopProxy - Unable to apply any optimizations to advised method: public void codegym.c10.hotel.service.customer.CustomerServiceImpl.remove(java.lang.Long)
2025-05-04 15:03:59 [Test worker] TRACE o.s.aop.framework.CglibAopProxy - Unable to apply any optimizations to advised method: public java.lang.Object codegym.c10.hotel.service.customer.CustomerServiceImpl.save(java.lang.Object)
2025-05-04 15:03:59 [Test worker] TRACE o.s.aop.framework.CglibAopProxy - Unable to apply any optimizations to advised method: public codegym.c10.hotel.entity.Customer codegym.c10.hotel.service.customer.CustomerServiceImpl.save(codegym.c10.hotel.entity.Customer)
2025-05-04 15:03:59 [Test worker] TRACE o.s.aop.framework.CglibAopProxy - Unable to apply any optimizations to advised method: public java.lang.Iterable codegym.c10.hotel.service.customer.CustomerServiceImpl.findAll()
2025-05-04 15:03:59 [Test worker] TRACE o.s.aop.framework.CglibAopProxy - Unable to apply any optimizations to advised method: public org.springframework.data.domain.Page codegym.c10.hotel.service.customer.CustomerServiceImpl.findAllByDeletedFalse(org.springframework.data.domain.Pageable)
2025-05-04 15:03:59 [Test worker] TRACE o.s.aop.framework.CglibAopProxy - Unable to apply any optimizations to advised method: public java.util.Optional codegym.c10.hotel.service.customer.CustomerServiceImpl.findByIdAndDeletedFalse(java.lang.Long)
2025-05-04 15:03:59 [Test worker] TRACE o.s.aop.framework.CglibAopProxy - Unable to apply any optimizations to advised method: public codegym.c10.hotel.entity.Customer codegym.c10.hotel.service.customer.CustomerServiceImpl.updateCustomer(java.lang.Long,codegym.c10.hotel.entity.Customer)
2025-05-04 15:03:59 [Test worker] TRACE o.s.aop.framework.CglibAopProxy - Found 'equals' method: public boolean java.lang.Object.equals(java.lang.Object)
2025-05-04 15:03:59 [Test worker] TRACE o.s.aop.framework.CglibAopProxy - Unable to apply any optimizations to advised method: public java.lang.String java.lang.Object.toString()
2025-05-04 15:03:59 [Test worker] TRACE o.s.aop.framework.CglibAopProxy - Found 'hashCode' method: public native int java.lang.Object.hashCode()
2025-05-04 15:03:59 [Test worker] TRACE o.s.aop.framework.CglibAopProxy - Unable to apply any optimizations to advised method: protected native java.lang.Object java.lang.Object.clone() throws java.lang.CloneNotSupportedException
2025-05-04 15:03:59 [Test worker] TRACE o.s.aop.framework.CglibAopProxy - Method is declared on Advised interface: public abstract int org.springframework.aop.framework.Advised.indexOf(org.springframework.aop.Advisor)
2025-05-04 15:03:59 [Test worker] TRACE o.s.aop.framework.CglibAopProxy - Method is declared on Advised interface: public abstract int org.springframework.aop.framework.Advised.indexOf(org.aopalliance.aop.Advice)
2025-05-04 15:03:59 [Test worker] TRACE o.s.aop.framework.CglibAopProxy - Method is declared on Advised interface: public abstract boolean org.springframework.aop.framework.Advised.isFrozen()
2025-05-04 15:03:59 [Test worker] TRACE o.s.aop.framework.CglibAopProxy - Method is declared on Advised interface: public abstract org.springframework.aop.TargetSource org.springframework.aop.framework.Advised.getTargetSource()
2025-05-04 15:03:59 [Test worker] TRACE o.s.aop.framework.CglibAopProxy - Method is declared on Advised interface: public abstract java.lang.Class[] org.springframework.aop.framework.Advised.getProxiedInterfaces()
2025-05-04 15:03:59 [Test worker] TRACE o.s.aop.framework.CglibAopProxy - Method is declared on Advised interface: public abstract boolean org.springframework.aop.framework.Advised.isInterfaceProxied(java.lang.Class)
2025-05-04 15:03:59 [Test worker] TRACE o.s.aop.framework.CglibAopProxy - Method is declared on Advised interface: public default int org.springframework.aop.framework.Advised.getAdvisorCount()
2025-05-04 15:03:59 [Test worker] TRACE o.s.aop.framework.CglibAopProxy - Method is declared on Advised interface: public abstract org.springframework.aop.Advisor[] org.springframework.aop.framework.Advised.getAdvisors()
2025-05-04 15:03:59 [Test worker] TRACE o.s.aop.framework.CglibAopProxy - Method is declared on Advised interface: public abstract boolean org.springframework.aop.framework.Advised.isProxyTargetClass()
2025-05-04 15:03:59 [Test worker] TRACE o.s.aop.framework.CglibAopProxy - Method is declared on Advised interface: public abstract void org.springframework.aop.framework.Advised.setTargetSource(org.springframework.aop.TargetSource)
2025-05-04 15:03:59 [Test worker] TRACE o.s.aop.framework.CglibAopProxy - Method is declared on Advised interface: public abstract void org.springframework.aop.framework.Advised.setExposeProxy(boolean)
2025-05-04 15:03:59 [Test worker] TRACE o.s.aop.framework.CglibAopProxy - Method is declared on Advised interface: public abstract boolean org.springframework.aop.framework.Advised.isExposeProxy()
2025-05-04 15:03:59 [Test worker] TRACE o.s.aop.framework.CglibAopProxy - Method is declared on Advised interface: public abstract void org.springframework.aop.framework.Advised.setPreFiltered(boolean)
2025-05-04 15:03:59 [Test worker] TRACE o.s.aop.framework.CglibAopProxy - Method is declared on Advised interface: public abstract boolean org.springframework.aop.framework.Advised.isPreFiltered()
2025-05-04 15:03:59 [Test worker] TRACE o.s.aop.framework.CglibAopProxy - Method is declared on Advised interface: public abstract void org.springframework.aop.framework.Advised.addAdvisor(org.springframework.aop.Advisor) throws org.springframework.aop.framework.AopConfigException
2025-05-04 15:03:59 [Test worker] TRACE o.s.aop.framework.CglibAopProxy - Method is declared on Advised interface: public abstract void org.springframework.aop.framework.Advised.addAdvisor(int,org.springframework.aop.Advisor) throws org.springframework.aop.framework.AopConfigException
2025-05-04 15:03:59 [Test worker] TRACE o.s.aop.framework.CglibAopProxy - Method is declared on Advised interface: public abstract boolean org.springframework.aop.framework.Advised.removeAdvisor(org.springframework.aop.Advisor)
2025-05-04 15:03:59 [Test worker] TRACE o.s.aop.framework.CglibAopProxy - Method is declared on Advised interface: public abstract void org.springframework.aop.framework.Advised.removeAdvisor(int) throws org.springframework.aop.framework.AopConfigException
2025-05-04 15:03:59 [Test worker] TRACE o.s.aop.framework.CglibAopProxy - Method is declared on Advised interface: public abstract boolean org.springframework.aop.framework.Advised.replaceAdvisor(org.springframework.aop.Advisor,org.springframework.aop.Advisor) throws org.springframework.aop.framework.AopConfigException
2025-05-04 15:03:59 [Test worker] TRACE o.s.aop.framework.CglibAopProxy - Method is declared on Advised interface: public abstract void org.springframework.aop.framework.Advised.addAdvice(int,org.aopalliance.aop.Advice) throws org.springframework.aop.framework.AopConfigException
2025-05-04 15:03:59 [Test worker] TRACE o.s.aop.framework.CglibAopProxy - Method is declared on Advised interface: public abstract void org.springframework.aop.framework.Advised.addAdvice(org.aopalliance.aop.Advice) throws org.springframework.aop.framework.AopConfigException
2025-05-04 15:03:59 [Test worker] TRACE o.s.aop.framework.CglibAopProxy - Method is declared on Advised interface: public abstract boolean org.springframework.aop.framework.Advised.removeAdvice(org.aopalliance.aop.Advice)
2025-05-04 15:03:59 [Test worker] TRACE o.s.aop.framework.CglibAopProxy - Method is declared on Advised interface: public abstract java.lang.String org.springframework.aop.framework.Advised.toProxyConfigString()
2025-05-04 15:03:59 [Test worker] TRACE o.s.aop.framework.CglibAopProxy - Method is declared on Advised interface: public abstract java.lang.Class org.springframework.aop.TargetClassAware.getTargetClass()
2025-05-04 15:03:59 [Test worker] TRACE o.s.aop.framework.JdkDynamicAopProxy - Creating JDK dynamic proxy: org.springframework.data.jpa.repository.support.CrudMethodMetadataPostProcessor$ThreadBoundTargetSource@6b5b5f94
2025-05-04 15:03:59 [Test worker] TRACE o.s.aop.framework.JdkDynamicAopProxy - Creating JDK dynamic proxy: SingletonTargetSource for target object [org.springframework.data.jpa.repository.support.SimpleJpaRepository@71567e73]
2025-05-04 15:03:59 [Test worker] TRACE o.s.aop.framework.JdkDynamicAopProxy - Creating JDK dynamic proxy: org.springframework.data.jpa.repository.support.CrudMethodMetadataPostProcessor$ThreadBoundTargetSource@45313248
2025-05-04 15:03:59 [Test worker] TRACE o.s.aop.framework.JdkDynamicAopProxy - Creating JDK dynamic proxy: SingletonTargetSource for target object [org.springframework.data.jpa.repository.support.SimpleJpaRepository@24d5b696]
2025-05-04 15:03:59 [Test worker] TRACE o.s.a.a.a.AnnotationAwareAspectJAutoProxyCreator - Creating implicit proxy for bean 'checkingService' with 0 common interceptors and 3 specific interceptors
2025-05-04 15:03:59 [Test worker] TRACE o.s.aop.framework.CglibAopProxy - Creating CGLIB proxy: SingletonTargetSource for target object [codegym.c10.hotel.service.checkin.CheckingService@61fbd0a0]
2025-05-04 15:03:59 [Test worker] TRACE o.s.aop.framework.CglibAopProxy - Unable to apply any optimizations to advised method: public codegym.c10.hotel.dto.BookingResponseDTO codegym.c10.hotel.service.checkin.CheckingService.createBooking(codegym.c10.hotel.dto.WalkInRequestDTO,java.lang.Long)
2025-05-04 15:03:59 [Test worker] TRACE o.s.aop.framework.CglibAopProxy - Unable to apply any optimizations to advised method: public java.math.BigDecimal codegym.c10.hotel.service.checkin.CheckingService.calculatePrice(codegym.c10.hotel.entity.Room,codegym.c10.hotel.eNum.RentType,int)
2025-05-04 15:03:59 [Test worker] TRACE o.s.aop.framework.CglibAopProxy - Found 'equals' method: public boolean java.lang.Object.equals(java.lang.Object)
2025-05-04 15:03:59 [Test worker] TRACE o.s.aop.framework.CglibAopProxy - Unable to apply any optimizations to advised method: public java.lang.String java.lang.Object.toString()
2025-05-04 15:03:59 [Test worker] TRACE o.s.aop.framework.CglibAopProxy - Found 'hashCode' method: public native int java.lang.Object.hashCode()
2025-05-04 15:03:59 [Test worker] TRACE o.s.aop.framework.CglibAopProxy - Unable to apply any optimizations to advised method: protected native java.lang.Object java.lang.Object.clone() throws java.lang.CloneNotSupportedException
2025-05-04 15:03:59 [Test worker] TRACE o.s.aop.framework.CglibAopProxy - Method is declared on Advised interface: public abstract int org.springframework.aop.framework.Advised.indexOf(org.springframework.aop.Advisor)
2025-05-04 15:03:59 [Test worker] TRACE o.s.aop.framework.CglibAopProxy - Method is declared on Advised interface: public abstract int org.springframework.aop.framework.Advised.indexOf(org.aopalliance.aop.Advice)
2025-05-04 15:03:59 [Test worker] TRACE o.s.aop.framework.CglibAopProxy - Method is declared on Advised interface: public abstract boolean org.springframework.aop.framework.Advised.isFrozen()
2025-05-04 15:03:59 [Test worker] TRACE o.s.aop.framework.CglibAopProxy - Method is declared on Advised interface: public abstract org.springframework.aop.TargetSource org.springframework.aop.framework.Advised.getTargetSource()
2025-05-04 15:03:59 [Test worker] TRACE o.s.aop.framework.CglibAopProxy - Method is declared on Advised interface: public abstract java.lang.Class[] org.springframework.aop.framework.Advised.getProxiedInterfaces()
2025-05-04 15:03:59 [Test worker] TRACE o.s.aop.framework.CglibAopProxy - Method is declared on Advised interface: public abstract boolean org.springframework.aop.framework.Advised.isInterfaceProxied(java.lang.Class)
2025-05-04 15:03:59 [Test worker] TRACE o.s.aop.framework.CglibAopProxy - Method is declared on Advised interface: public default int org.springframework.aop.framework.Advised.getAdvisorCount()
2025-05-04 15:03:59 [Test worker] TRACE o.s.aop.framework.CglibAopProxy - Method is declared on Advised interface: public abstract org.springframework.aop.Advisor[] org.springframework.aop.framework.Advised.getAdvisors()
2025-05-04 15:03:59 [Test worker] TRACE o.s.aop.framework.CglibAopProxy - Method is declared on Advised interface: public abstract boolean org.springframework.aop.framework.Advised.isProxyTargetClass()
2025-05-04 15:03:59 [Test worker] TRACE o.s.aop.framework.CglibAopProxy - Method is declared on Advised interface: public abstract void org.springframework.aop.framework.Advised.setTargetSource(org.springframework.aop.TargetSource)
2025-05-04 15:03:59 [Test worker] TRACE o.s.aop.framework.CglibAopProxy - Method is declared on Advised interface: public abstract void org.springframework.aop.framework.Advised.setExposeProxy(boolean)
2025-05-04 15:03:59 [Test worker] TRACE o.s.aop.framework.CglibAopProxy - Method is declared on Advised interface: public abstract boolean org.springframework.aop.framework.Advised.isExposeProxy()
2025-05-04 15:03:59 [Test worker] TRACE o.s.aop.framework.CglibAopProxy - Method is declared on Advised interface: public abstract void org.springframework.aop.framework.Advised.setPreFiltered(boolean)
2025-05-04 15:03:59 [Test worker] TRACE o.s.aop.framework.CglibAopProxy - Method is declared on Advised interface: public abstract boolean org.springframework.aop.framework.Advised.isPreFiltered()
2025-05-04 15:03:59 [Test worker] TRACE o.s.aop.framework.CglibAopProxy - Method is declared on Advised interface: public abstract void org.springframework.aop.framework.Advised.addAdvisor(org.springframework.aop.Advisor) throws org.springframework.aop.framework.AopConfigException
2025-05-04 15:03:59 [Test worker] TRACE o.s.aop.framework.CglibAopProxy - Method is declared on Advised interface: public abstract void org.springframework.aop.framework.Advised.addAdvisor(int,org.springframework.aop.Advisor) throws org.springframework.aop.framework.AopConfigException
2025-05-04 15:03:59 [Test worker] TRACE o.s.aop.framework.CglibAopProxy - Method is declared on Advised interface: public abstract boolean org.springframework.aop.framework.Advised.removeAdvisor(org.springframework.aop.Advisor)
2025-05-04 15:03:59 [Test worker] TRACE o.s.aop.framework.CglibAopProxy - Method is declared on Advised interface: public abstract void org.springframework.aop.framework.Advised.removeAdvisor(int) throws org.springframework.aop.framework.AopConfigException
2025-05-04 15:03:59 [Test worker] TRACE o.s.aop.framework.CglibAopProxy - Method is declared on Advised interface: public abstract boolean org.springframework.aop.framework.Advised.replaceAdvisor(org.springframework.aop.Advisor,org.springframework.aop.Advisor) throws org.springframework.aop.framework.AopConfigException
2025-05-04 15:03:59 [Test worker] TRACE o.s.aop.framework.CglibAopProxy - Method is declared on Advised interface: public abstract void org.springframework.aop.framework.Advised.addAdvice(int,org.aopalliance.aop.Advice) throws org.springframework.aop.framework.AopConfigException
2025-05-04 15:03:59 [Test worker] TRACE o.s.aop.framework.CglibAopProxy - Method is declared on Advised interface: public abstract void org.springframework.aop.framework.Advised.addAdvice(org.aopalliance.aop.Advice) throws org.springframework.aop.framework.AopConfigException
2025-05-04 15:03:59 [Test worker] TRACE o.s.aop.framework.CglibAopProxy - Method is declared on Advised interface: public abstract boolean org.springframework.aop.framework.Advised.removeAdvice(org.aopalliance.aop.Advice)
2025-05-04 15:03:59 [Test worker] TRACE o.s.aop.framework.CglibAopProxy - Method is declared on Advised interface: public abstract java.lang.String org.springframework.aop.framework.Advised.toProxyConfigString()
2025-05-04 15:03:59 [Test worker] TRACE o.s.aop.framework.CglibAopProxy - Method is declared on Advised interface: public abstract java.lang.Class org.springframework.aop.TargetClassAware.getTargetClass()
2025-05-04 15:03:59 [Test worker] TRACE o.s.a.a.a.AnnotationAwareAspectJAutoProxyCreator - Creating implicit proxy for bean 'checkoutService' with 0 common interceptors and 1 specific interceptors
2025-05-04 15:03:59 [Test worker] TRACE o.s.aop.framework.CglibAopProxy - Creating CGLIB proxy: SingletonTargetSource for target object [codegym.c10.hotel.service.checkout.CheckoutService@5fe29ea1]
2025-05-04 15:03:59 [Test worker] TRACE o.s.aop.framework.CglibAopProxy - Unable to apply any optimizations to advised method: public java.lang.String codegym.c10.hotel.service.checkout.CheckoutService.processCheckout(codegym.c10.hotel.dto.CheckoutRequestDTO)
2025-05-04 15:03:59 [Test worker] TRACE o.s.aop.framework.CglibAopProxy - Unable to apply any optimizations to advised method: public java.util.List codegym.c10.hotel.service.checkout.CheckoutService.calculateFee(java.lang.Long)
2025-05-04 15:03:59 [Test worker] TRACE o.s.aop.framework.CglibAopProxy - Unable to apply any optimizations to advised method: public codegym.c10.hotel.dto.InvoiceResponseDTO codegym.c10.hotel.service.checkout.CheckoutService.getInvoice(java.lang.Long)
2025-05-04 15:03:59 [Test worker] TRACE o.s.aop.framework.CglibAopProxy - Unable to apply any optimizations to advised method: public java.util.List codegym.c10.hotel.service.checkout.CheckoutService.findRoomsCheckoutDueSoon(java.lang.Integer)
2025-05-04 15:03:59 [Test worker] TRACE o.s.aop.framework.CglibAopProxy - Found 'equals' method: public boolean java.lang.Object.equals(java.lang.Object)
2025-05-04 15:03:59 [Test worker] TRACE o.s.aop.framework.CglibAopProxy - Unable to apply any optimizations to advised method: public java.lang.String java.lang.Object.toString()
2025-05-04 15:03:59 [Test worker] TRACE o.s.aop.framework.CglibAopProxy - Found 'hashCode' method: public native int java.lang.Object.hashCode()
2025-05-04 15:03:59 [Test worker] TRACE o.s.aop.framework.CglibAopProxy - Unable to apply any optimizations to advised method: protected native java.lang.Object java.lang.Object.clone() throws java.lang.CloneNotSupportedException
2025-05-04 15:03:59 [Test worker] TRACE o.s.aop.framework.CglibAopProxy - Method is declared on Advised interface: public abstract int org.springframework.aop.framework.Advised.indexOf(org.springframework.aop.Advisor)
2025-05-04 15:03:59 [Test worker] TRACE o.s.aop.framework.CglibAopProxy - Method is declared on Advised interface: public abstract int org.springframework.aop.framework.Advised.indexOf(org.aopalliance.aop.Advice)
2025-05-04 15:03:59 [Test worker] TRACE o.s.aop.framework.CglibAopProxy - Method is declared on Advised interface: public abstract boolean org.springframework.aop.framework.Advised.isFrozen()
2025-05-04 15:03:59 [Test worker] TRACE o.s.aop.framework.CglibAopProxy - Method is declared on Advised interface: public abstract org.springframework.aop.TargetSource org.springframework.aop.framework.Advised.getTargetSource()
2025-05-04 15:03:59 [Test worker] TRACE o.s.aop.framework.CglibAopProxy - Method is declared on Advised interface: public abstract java.lang.Class[] org.springframework.aop.framework.Advised.getProxiedInterfaces()
2025-05-04 15:03:59 [Test worker] TRACE o.s.aop.framework.CglibAopProxy - Method is declared on Advised interface: public abstract boolean org.springframework.aop.framework.Advised.isInterfaceProxied(java.lang.Class)
2025-05-04 15:03:59 [Test worker] TRACE o.s.aop.framework.CglibAopProxy - Method is declared on Advised interface: public default int org.springframework.aop.framework.Advised.getAdvisorCount()
2025-05-04 15:03:59 [Test worker] TRACE o.s.aop.framework.CglibAopProxy - Method is declared on Advised interface: public abstract org.springframework.aop.Advisor[] org.springframework.aop.framework.Advised.getAdvisors()
2025-05-04 15:03:59 [Test worker] TRACE o.s.aop.framework.CglibAopProxy - Method is declared on Advised interface: public abstract boolean org.springframework.aop.framework.Advised.isProxyTargetClass()
2025-05-04 15:03:59 [Test worker] TRACE o.s.aop.framework.CglibAopProxy - Method is declared on Advised interface: public abstract void org.springframework.aop.framework.Advised.setTargetSource(org.springframework.aop.TargetSource)
2025-05-04 15:03:59 [Test worker] TRACE o.s.aop.framework.CglibAopProxy - Method is declared on Advised interface: public abstract void org.springframework.aop.framework.Advised.setExposeProxy(boolean)
2025-05-04 15:03:59 [Test worker] TRACE o.s.aop.framework.CglibAopProxy - Method is declared on Advised interface: public abstract boolean org.springframework.aop.framework.Advised.isExposeProxy()
2025-05-04 15:03:59 [Test worker] TRACE o.s.aop.framework.CglibAopProxy - Method is declared on Advised interface: public abstract void org.springframework.aop.framework.Advised.setPreFiltered(boolean)
2025-05-04 15:03:59 [Test worker] TRACE o.s.aop.framework.CglibAopProxy - Method is declared on Advised interface: public abstract boolean org.springframework.aop.framework.Advised.isPreFiltered()
2025-05-04 15:03:59 [Test worker] TRACE o.s.aop.framework.CglibAopProxy - Method is declared on Advised interface: public abstract void org.springframework.aop.framework.Advised.addAdvisor(org.springframework.aop.Advisor) throws org.springframework.aop.framework.AopConfigException
2025-05-04 15:03:59 [Test worker] TRACE o.s.aop.framework.CglibAopProxy - Method is declared on Advised interface: public abstract void org.springframework.aop.framework.Advised.addAdvisor(int,org.springframework.aop.Advisor) throws org.springframework.aop.framework.AopConfigException
2025-05-04 15:03:59 [Test worker] TRACE o.s.aop.framework.CglibAopProxy - Method is declared on Advised interface: public abstract boolean org.springframework.aop.framework.Advised.removeAdvisor(org.springframework.aop.Advisor)
2025-05-04 15:03:59 [Test worker] TRACE o.s.aop.framework.CglibAopProxy - Method is declared on Advised interface: public abstract void org.springframework.aop.framework.Advised.removeAdvisor(int) throws org.springframework.aop.framework.AopConfigException
2025-05-04 15:03:59 [Test worker] TRACE o.s.aop.framework.CglibAopProxy - Method is declared on Advised interface: public abstract boolean org.springframework.aop.framework.Advised.replaceAdvisor(org.springframework.aop.Advisor,org.springframework.aop.Advisor) throws org.springframework.aop.framework.AopConfigException
2025-05-04 15:03:59 [Test worker] TRACE o.s.aop.framework.CglibAopProxy - Method is declared on Advised interface: public abstract void org.springframework.aop.framework.Advised.addAdvice(int,org.aopalliance.aop.Advice) throws org.springframework.aop.framework.AopConfigException
2025-05-04 15:03:59 [Test worker] TRACE o.s.aop.framework.CglibAopProxy - Method is declared on Advised interface: public abstract void org.springframework.aop.framework.Advised.addAdvice(org.aopalliance.aop.Advice) throws org.springframework.aop.framework.AopConfigException
2025-05-04 15:03:59 [Test worker] TRACE o.s.aop.framework.CglibAopProxy - Method is declared on Advised interface: public abstract boolean org.springframework.aop.framework.Advised.removeAdvice(org.aopalliance.aop.Advice)
2025-05-04 15:03:59 [Test worker] TRACE o.s.aop.framework.CglibAopProxy - Method is declared on Advised interface: public abstract java.lang.String org.springframework.aop.framework.Advised.toProxyConfigString()
2025-05-04 15:03:59 [Test worker] TRACE o.s.aop.framework.CglibAopProxy - Method is declared on Advised interface: public abstract java.lang.Class org.springframework.aop.TargetClassAware.getTargetClass()
2025-05-04 15:03:59 [Test worker] TRACE o.s.aop.framework.JdkDynamicAopProxy - Creating JDK dynamic proxy: org.springframework.data.jpa.repository.support.CrudMethodMetadataPostProcessor$ThreadBoundTargetSource@2fe328b9
2025-05-04 15:03:59 [Test worker] TRACE o.s.aop.framework.JdkDynamicAopProxy - Creating JDK dynamic proxy: SingletonTargetSource for target object [org.springframework.data.jpa.repository.support.SimpleJpaRepository@4a8f6f49]
2025-05-04 15:03:59 [Test worker] TRACE o.s.a.a.a.AnnotationAwareAspectJAutoProxyCreator - Creating implicit proxy for bean 'employeeMapperService' with 0 common interceptors and 2 specific interceptors
2025-05-04 15:03:59 [Test worker] TRACE o.s.aop.framework.CglibAopProxy - Creating CGLIB proxy: SingletonTargetSource for target object [codegym.c10.hotel.service.employees.EmployeeMapperService@5b9bdb00]
2025-05-04 15:03:59 [Test worker] TRACE o.s.aop.framework.CglibAopProxy - Unable to apply any optimizations to advised method: public codegym.c10.hotel.dto.EmployeeDto codegym.c10.hotel.service.employees.EmployeeMapperService.convertToDto(codegym.c10.hotel.entity.Employee)
2025-05-04 15:03:59 [Test worker] TRACE o.s.aop.framework.CglibAopProxy - Unable to apply any optimizations to advised method: public codegym.c10.hotel.entity.Employee codegym.c10.hotel.service.employees.EmployeeMapperService.convertToEntity(codegym.c10.hotel.dto.EmployeeDto)
2025-05-04 15:03:59 [Test worker] TRACE o.s.aop.framework.CglibAopProxy - Unable to apply any optimizations to advised method: public codegym.c10.hotel.entity.Employee codegym.c10.hotel.service.employees.EmployeeMapperService.updateEntityFromDto(codegym.c10.hotel.entity.Employee,codegym.c10.hotel.dto.EmployeeDto)
2025-05-04 15:03:59 [Test worker] TRACE o.s.aop.framework.CglibAopProxy - Found 'equals' method: public boolean java.lang.Object.equals(java.lang.Object)
2025-05-04 15:03:59 [Test worker] TRACE o.s.aop.framework.CglibAopProxy - Unable to apply any optimizations to advised method: public java.lang.String java.lang.Object.toString()
2025-05-04 15:03:59 [Test worker] TRACE o.s.aop.framework.CglibAopProxy - Found 'hashCode' method: public native int java.lang.Object.hashCode()
2025-05-04 15:03:59 [Test worker] TRACE o.s.aop.framework.CglibAopProxy - Unable to apply any optimizations to advised method: protected native java.lang.Object java.lang.Object.clone() throws java.lang.CloneNotSupportedException
2025-05-04 15:03:59 [Test worker] TRACE o.s.aop.framework.CglibAopProxy - Method is declared on Advised interface: public abstract int org.springframework.aop.framework.Advised.indexOf(org.springframework.aop.Advisor)
2025-05-04 15:03:59 [Test worker] TRACE o.s.aop.framework.CglibAopProxy - Method is declared on Advised interface: public abstract int org.springframework.aop.framework.Advised.indexOf(org.aopalliance.aop.Advice)
2025-05-04 15:03:59 [Test worker] TRACE o.s.aop.framework.CglibAopProxy - Method is declared on Advised interface: public abstract boolean org.springframework.aop.framework.Advised.isFrozen()
2025-05-04 15:03:59 [Test worker] TRACE o.s.aop.framework.CglibAopProxy - Method is declared on Advised interface: public abstract org.springframework.aop.TargetSource org.springframework.aop.framework.Advised.getTargetSource()
2025-05-04 15:03:59 [Test worker] TRACE o.s.aop.framework.CglibAopProxy - Method is declared on Advised interface: public abstract java.lang.Class[] org.springframework.aop.framework.Advised.getProxiedInterfaces()
2025-05-04 15:03:59 [Test worker] TRACE o.s.aop.framework.CglibAopProxy - Method is declared on Advised interface: public abstract boolean org.springframework.aop.framework.Advised.isInterfaceProxied(java.lang.Class)
2025-05-04 15:03:59 [Test worker] TRACE o.s.aop.framework.CglibAopProxy - Method is declared on Advised interface: public default int org.springframework.aop.framework.Advised.getAdvisorCount()
2025-05-04 15:03:59 [Test worker] TRACE o.s.aop.framework.CglibAopProxy - Method is declared on Advised interface: public abstract org.springframework.aop.Advisor[] org.springframework.aop.framework.Advised.getAdvisors()
2025-05-04 15:03:59 [Test worker] TRACE o.s.aop.framework.CglibAopProxy - Method is declared on Advised interface: public abstract boolean org.springframework.aop.framework.Advised.isProxyTargetClass()
2025-05-04 15:03:59 [Test worker] TRACE o.s.aop.framework.CglibAopProxy - Method is declared on Advised interface: public abstract void org.springframework.aop.framework.Advised.setTargetSource(org.springframework.aop.TargetSource)
2025-05-04 15:03:59 [Test worker] TRACE o.s.aop.framework.CglibAopProxy - Method is declared on Advised interface: public abstract void org.springframework.aop.framework.Advised.setExposeProxy(boolean)
2025-05-04 15:03:59 [Test worker] TRACE o.s.aop.framework.CglibAopProxy - Method is declared on Advised interface: public abstract boolean org.springframework.aop.framework.Advised.isExposeProxy()
2025-05-04 15:03:59 [Test worker] TRACE o.s.aop.framework.CglibAopProxy - Method is declared on Advised interface: public abstract void org.springframework.aop.framework.Advised.setPreFiltered(boolean)
2025-05-04 15:03:59 [Test worker] TRACE o.s.aop.framework.CglibAopProxy - Method is declared on Advised interface: public abstract boolean org.springframework.aop.framework.Advised.isPreFiltered()
2025-05-04 15:03:59 [Test worker] TRACE o.s.aop.framework.CglibAopProxy - Method is declared on Advised interface: public abstract void org.springframework.aop.framework.Advised.addAdvisor(org.springframework.aop.Advisor) throws org.springframework.aop.framework.AopConfigException
2025-05-04 15:03:59 [Test worker] TRACE o.s.aop.framework.CglibAopProxy - Method is declared on Advised interface: public abstract void org.springframework.aop.framework.Advised.addAdvisor(int,org.springframework.aop.Advisor) throws org.springframework.aop.framework.AopConfigException
2025-05-04 15:03:59 [Test worker] TRACE o.s.aop.framework.CglibAopProxy - Method is declared on Advised interface: public abstract boolean org.springframework.aop.framework.Advised.removeAdvisor(org.springframework.aop.Advisor)
2025-05-04 15:03:59 [Test worker] TRACE o.s.aop.framework.CglibAopProxy - Method is declared on Advised interface: public abstract void org.springframework.aop.framework.Advised.removeAdvisor(int) throws org.springframework.aop.framework.AopConfigException
2025-05-04 15:03:59 [Test worker] TRACE o.s.aop.framework.CglibAopProxy - Method is declared on Advised interface: public abstract boolean org.springframework.aop.framework.Advised.replaceAdvisor(org.springframework.aop.Advisor,org.springframework.aop.Advisor) throws org.springframework.aop.framework.AopConfigException
2025-05-04 15:03:59 [Test worker] TRACE o.s.aop.framework.CglibAopProxy - Method is declared on Advised interface: public abstract void org.springframework.aop.framework.Advised.addAdvice(int,org.aopalliance.aop.Advice) throws org.springframework.aop.framework.AopConfigException
2025-05-04 15:03:59 [Test worker] TRACE o.s.aop.framework.CglibAopProxy - Method is declared on Advised interface: public abstract void org.springframework.aop.framework.Advised.addAdvice(org.aopalliance.aop.Advice) throws org.springframework.aop.framework.AopConfigException
2025-05-04 15:03:59 [Test worker] TRACE o.s.aop.framework.CglibAopProxy - Method is declared on Advised interface: public abstract boolean org.springframework.aop.framework.Advised.removeAdvice(org.aopalliance.aop.Advice)
2025-05-04 15:03:59 [Test worker] TRACE o.s.aop.framework.CglibAopProxy - Method is declared on Advised interface: public abstract java.lang.String org.springframework.aop.framework.Advised.toProxyConfigString()
2025-05-04 15:03:59 [Test worker] TRACE o.s.aop.framework.CglibAopProxy - Method is declared on Advised interface: public abstract java.lang.Class org.springframework.aop.TargetClassAware.getTargetClass()
2025-05-04 15:03:59 [Test worker] TRACE o.s.a.a.a.AnnotationAwareAspectJAutoProxyCreator - Creating implicit proxy for bean 'fileSystemStorageService' with 0 common interceptors and 2 specific interceptors
2025-05-04 15:03:59 [Test worker] TRACE o.s.aop.framework.CglibAopProxy - Creating CGLIB proxy: SingletonTargetSource for target object [codegym.c10.hotel.service.uploadFile.FileSystemStorageService@10544888]
2025-05-04 15:03:59 [Test worker] TRACE o.s.aop.framework.CglibAopProxy - Unable to apply any optimizations to advised method: public java.lang.String codegym.c10.hotel.service.uploadFile.FileSystemStorageService.store(org.springframework.web.multipart.MultipartFile)
2025-05-04 15:03:59 [Test worker] TRACE o.s.aop.framework.CglibAopProxy - Unable to apply any optimizations to advised method: public void codegym.c10.hotel.service.uploadFile.FileSystemStorageService.init()
2025-05-04 15:03:59 [Test worker] TRACE o.s.aop.framework.CglibAopProxy - Unable to apply any optimizations to advised method: public boolean codegym.c10.hotel.service.uploadFile.FileSystemStorageService.exists(java.lang.String)
2025-05-04 15:03:59 [Test worker] TRACE o.s.aop.framework.CglibAopProxy - Unable to apply any optimizations to advised method: public java.lang.String codegym.c10.hotel.service.uploadFile.FileSystemStorageService.storeWithUUID(org.springframework.web.multipart.MultipartFile,java.lang.String)
2025-05-04 15:03:59 [Test worker] TRACE o.s.aop.framework.CglibAopProxy - Unable to apply any optimizations to advised method: public void codegym.c10.hotel.service.uploadFile.FileSystemStorageService.deleteFile(java.lang.String)
2025-05-04 15:03:59 [Test worker] TRACE o.s.aop.framework.CglibAopProxy - Found 'equals' method: public boolean java.lang.Object.equals(java.lang.Object)
2025-05-04 15:03:59 [Test worker] TRACE o.s.aop.framework.CglibAopProxy - Unable to apply any optimizations to advised method: public java.lang.String java.lang.Object.toString()
2025-05-04 15:03:59 [Test worker] TRACE o.s.aop.framework.CglibAopProxy - Found 'hashCode' method: public native int java.lang.Object.hashCode()
2025-05-04 15:03:59 [Test worker] TRACE o.s.aop.framework.CglibAopProxy - Unable to apply any optimizations to advised method: protected native java.lang.Object java.lang.Object.clone() throws java.lang.CloneNotSupportedException
2025-05-04 15:03:59 [Test worker] TRACE o.s.aop.framework.CglibAopProxy - Method is declared on Advised interface: public abstract int org.springframework.aop.framework.Advised.indexOf(org.springframework.aop.Advisor)
2025-05-04 15:03:59 [Test worker] TRACE o.s.aop.framework.CglibAopProxy - Method is declared on Advised interface: public abstract int org.springframework.aop.framework.Advised.indexOf(org.aopalliance.aop.Advice)
2025-05-04 15:03:59 [Test worker] TRACE o.s.aop.framework.CglibAopProxy - Method is declared on Advised interface: public abstract boolean org.springframework.aop.framework.Advised.isFrozen()
2025-05-04 15:03:59 [Test worker] TRACE o.s.aop.framework.CglibAopProxy - Method is declared on Advised interface: public abstract org.springframework.aop.TargetSource org.springframework.aop.framework.Advised.getTargetSource()
2025-05-04 15:03:59 [Test worker] TRACE o.s.aop.framework.CglibAopProxy - Method is declared on Advised interface: public abstract java.lang.Class[] org.springframework.aop.framework.Advised.getProxiedInterfaces()
2025-05-04 15:03:59 [Test worker] TRACE o.s.aop.framework.CglibAopProxy - Method is declared on Advised interface: public abstract boolean org.springframework.aop.framework.Advised.isInterfaceProxied(java.lang.Class)
2025-05-04 15:03:59 [Test worker] TRACE o.s.aop.framework.CglibAopProxy - Method is declared on Advised interface: public default int org.springframework.aop.framework.Advised.getAdvisorCount()
2025-05-04 15:03:59 [Test worker] TRACE o.s.aop.framework.CglibAopProxy - Method is declared on Advised interface: public abstract org.springframework.aop.Advisor[] org.springframework.aop.framework.Advised.getAdvisors()
2025-05-04 15:03:59 [Test worker] TRACE o.s.aop.framework.CglibAopProxy - Method is declared on Advised interface: public abstract boolean org.springframework.aop.framework.Advised.isProxyTargetClass()
2025-05-04 15:03:59 [Test worker] TRACE o.s.aop.framework.CglibAopProxy - Method is declared on Advised interface: public abstract void org.springframework.aop.framework.Advised.setTargetSource(org.springframework.aop.TargetSource)
2025-05-04 15:03:59 [Test worker] TRACE o.s.aop.framework.CglibAopProxy - Method is declared on Advised interface: public abstract void org.springframework.aop.framework.Advised.setExposeProxy(boolean)
2025-05-04 15:03:59 [Test worker] TRACE o.s.aop.framework.CglibAopProxy - Method is declared on Advised interface: public abstract boolean org.springframework.aop.framework.Advised.isExposeProxy()
2025-05-04 15:03:59 [Test worker] TRACE o.s.aop.framework.CglibAopProxy - Method is declared on Advised interface: public abstract void org.springframework.aop.framework.Advised.setPreFiltered(boolean)
2025-05-04 15:03:59 [Test worker] TRACE o.s.aop.framework.CglibAopProxy - Method is declared on Advised interface: public abstract boolean org.springframework.aop.framework.Advised.isPreFiltered()
2025-05-04 15:03:59 [Test worker] TRACE o.s.aop.framework.CglibAopProxy - Method is declared on Advised interface: public abstract void org.springframework.aop.framework.Advised.addAdvisor(org.springframework.aop.Advisor) throws org.springframework.aop.framework.AopConfigException
2025-05-04 15:03:59 [Test worker] TRACE o.s.aop.framework.CglibAopProxy - Method is declared on Advised interface: public abstract void org.springframework.aop.framework.Advised.addAdvisor(int,org.springframework.aop.Advisor) throws org.springframework.aop.framework.AopConfigException
2025-05-04 15:03:59 [Test worker] TRACE o.s.aop.framework.CglibAopProxy - Method is declared on Advised interface: public abstract boolean org.springframework.aop.framework.Advised.removeAdvisor(org.springframework.aop.Advisor)
2025-05-04 15:03:59 [Test worker] TRACE o.s.aop.framework.CglibAopProxy - Method is declared on Advised interface: public abstract void org.springframework.aop.framework.Advised.removeAdvisor(int) throws org.springframework.aop.framework.AopConfigException
2025-05-04 15:03:59 [Test worker] TRACE o.s.aop.framework.CglibAopProxy - Method is declared on Advised interface: public abstract boolean org.springframework.aop.framework.Advised.replaceAdvisor(org.springframework.aop.Advisor,org.springframework.aop.Advisor) throws org.springframework.aop.framework.AopConfigException
2025-05-04 15:03:59 [Test worker] TRACE o.s.aop.framework.CglibAopProxy - Method is declared on Advised interface: public abstract void org.springframework.aop.framework.Advised.addAdvice(int,org.aopalliance.aop.Advice) throws org.springframework.aop.framework.AopConfigException
2025-05-04 15:03:59 [Test worker] TRACE o.s.aop.framework.CglibAopProxy - Method is declared on Advised interface: public abstract void org.springframework.aop.framework.Advised.addAdvice(org.aopalliance.aop.Advice) throws org.springframework.aop.framework.AopConfigException
2025-05-04 15:03:59 [Test worker] TRACE o.s.aop.framework.CglibAopProxy - Method is declared on Advised interface: public abstract boolean org.springframework.aop.framework.Advised.removeAdvice(org.aopalliance.aop.Advice)
2025-05-04 15:03:59 [Test worker] TRACE o.s.aop.framework.CglibAopProxy - Method is declared on Advised interface: public abstract java.lang.String org.springframework.aop.framework.Advised.toProxyConfigString()
2025-05-04 15:03:59 [Test worker] TRACE o.s.aop.framework.CglibAopProxy - Method is declared on Advised interface: public abstract java.lang.Class org.springframework.aop.TargetClassAware.getTargetClass()
2025-05-04 15:03:59 [Test worker] TRACE o.s.a.a.a.AnnotationAwareAspectJAutoProxyCreator - Creating implicit proxy for bean 'employeeService' with 0 common interceptors and 3 specific interceptors
2025-05-04 15:03:59 [Test worker] TRACE o.s.aop.framework.CglibAopProxy - Creating CGLIB proxy: SingletonTargetSource for target object [codegym.c10.hotel.service.employees.EmployeeService@6694bf01]
2025-05-04 15:03:59 [Test worker] TRACE o.s.aop.framework.CglibAopProxy - Unable to apply any optimizations to advised method: public java.util.Optional codegym.c10.hotel.service.employees.EmployeeService.findById(java.lang.Long)
2025-05-04 15:03:59 [Test worker] TRACE o.s.aop.framework.CglibAopProxy - Unable to apply any optimizations to advised method: public void codegym.c10.hotel.service.employees.EmployeeService.remove(java.lang.Long)
2025-05-04 15:03:59 [Test worker] TRACE o.s.aop.framework.CglibAopProxy - Unable to apply any optimizations to advised method: public codegym.c10.hotel.entity.Employee codegym.c10.hotel.service.employees.EmployeeService.update(codegym.c10.hotel.entity.Employee)
2025-05-04 15:03:59 [Test worker] TRACE o.s.aop.framework.CglibAopProxy - Unable to apply any optimizations to advised method: public codegym.c10.hotel.entity.Employee codegym.c10.hotel.service.employees.EmployeeService.save(codegym.c10.hotel.entity.Employee)
2025-05-04 15:03:59 [Test worker] TRACE o.s.aop.framework.CglibAopProxy - Unable to apply any optimizations to advised method: public java.lang.Object codegym.c10.hotel.service.employees.EmployeeService.save(java.lang.Object)
2025-05-04 15:03:59 [Test worker] TRACE o.s.aop.framework.CglibAopProxy - Unable to apply any optimizations to advised method: public java.lang.Iterable codegym.c10.hotel.service.employees.EmployeeService.findAll()
2025-05-04 15:03:59 [Test worker] TRACE o.s.aop.framework.CglibAopProxy - Unable to apply any optimizations to advised method: public org.springframework.data.domain.Page codegym.c10.hotel.service.employees.EmployeeService.findAllByDeletedFalse(org.springframework.data.domain.Pageable)
2025-05-04 15:03:59 [Test worker] TRACE o.s.aop.framework.CglibAopProxy - Unable to apply any optimizations to advised method: public org.springframework.data.domain.Page codegym.c10.hotel.service.employees.EmployeeService.findEmployeesByFilters(java.lang.String,java.lang.String,org.springframework.data.domain.Pageable)
2025-05-04 15:03:59 [Test worker] TRACE o.s.aop.framework.CglibAopProxy - Unable to apply any optimizations to advised method: public codegym.c10.hotel.dto.EmployeeDto codegym.c10.hotel.service.employees.EmployeeService.findEmployeeDtoById(java.lang.Long)
2025-05-04 15:03:59 [Test worker] TRACE o.s.aop.framework.CglibAopProxy - Unable to apply any optimizations to advised method: public codegym.c10.hotel.dto.EmployeeDto codegym.c10.hotel.service.employees.EmployeeService.updateEmployeeWithImage(java.lang.Long,codegym.c10.hotel.dto.EmployeeDto,org.springframework.web.multipart.MultipartFile)
2025-05-04 15:03:59 [Test worker] TRACE o.s.aop.framework.CglibAopProxy - Unable to apply any optimizations to advised method: public codegym.c10.hotel.dto.EmployeeDto codegym.c10.hotel.service.employees.EmployeeService.createEmployee(codegym.c10.hotel.dto.EmployeeDto)
2025-05-04 15:03:59 [Test worker] TRACE o.s.aop.framework.CglibAopProxy - Unable to apply any optimizations to advised method: public codegym.c10.hotel.dto.EmployeeDto codegym.c10.hotel.service.employees.EmployeeService.createEmployeeWithImage(codegym.c10.hotel.dto.EmployeeDto,org.springframework.web.multipart.MultipartFile) throws java.io.IOException
2025-05-04 15:03:59 [Test worker] TRACE o.s.aop.framework.CglibAopProxy - Unable to apply any optimizations to advised method: public boolean codegym.c10.hotel.service.employees.EmployeeService.existsByIdCard(java.lang.String)
2025-05-04 15:03:59 [Test worker] TRACE o.s.aop.framework.CglibAopProxy - Unable to apply any optimizations to advised method: public boolean codegym.c10.hotel.service.employees.EmployeeService.existsByIdCardAndIdNot(java.lang.String,java.lang.Long)
2025-05-04 15:03:59 [Test worker] TRACE o.s.aop.framework.CglibAopProxy - Unable to apply any optimizations to advised method: public boolean codegym.c10.hotel.service.employees.EmployeeService.existsByPhone(java.lang.String)
2025-05-04 15:03:59 [Test worker] TRACE o.s.aop.framework.CglibAopProxy - Unable to apply any optimizations to advised method: public boolean codegym.c10.hotel.service.employees.EmployeeService.existsByPhoneAndIdNot(java.lang.String,java.lang.Long)
2025-05-04 15:03:59 [Test worker] TRACE o.s.aop.framework.CglibAopProxy - Unable to apply any optimizations to advised method: public boolean codegym.c10.hotel.service.employees.EmployeeService.existsByUserId(java.lang.Long)
2025-05-04 15:03:59 [Test worker] TRACE o.s.aop.framework.CglibAopProxy - Unable to apply any optimizations to advised method: public boolean codegym.c10.hotel.service.employees.EmployeeService.existsByUserIdAndIdNot(java.lang.Long,java.lang.Long)
2025-05-04 15:03:59 [Test worker] TRACE o.s.aop.framework.CglibAopProxy - Unable to apply any optimizations to advised method: public java.util.Optional codegym.c10.hotel.service.employees.EmployeeService.findByUserId(java.lang.Long)
2025-05-04 15:03:59 [Test worker] TRACE o.s.aop.framework.CglibAopProxy - Unable to apply any optimizations to advised method: public org.springframework.data.domain.Page codegym.c10.hotel.service.employees.EmployeeService.findAllByDepartmentAndPositionAndDeletedFalse(java.lang.String,java.lang.String,org.springframework.data.domain.Pageable)
2025-05-04 15:03:59 [Test worker] TRACE o.s.aop.framework.CglibAopProxy - Unable to apply any optimizations to advised method: public org.springframework.data.domain.Page codegym.c10.hotel.service.employees.EmployeeService.findAllByDepartmentAndDeletedFalse(java.lang.String,org.springframework.data.domain.Pageable)
2025-05-04 15:03:59 [Test worker] TRACE o.s.aop.framework.CglibAopProxy - Unable to apply any optimizations to advised method: public org.springframework.data.domain.Page codegym.c10.hotel.service.employees.EmployeeService.findAllByPositionAndDeletedFalse(java.lang.String,org.springframework.data.domain.Pageable)
2025-05-04 15:03:59 [Test worker] TRACE o.s.aop.framework.CglibAopProxy - Unable to apply any optimizations to advised method: public codegym.c10.hotel.dto.EmployeeDto codegym.c10.hotel.service.employees.EmployeeService.updateEmployee(java.lang.Long,codegym.c10.hotel.dto.EmployeeDto)
2025-05-04 15:03:59 [Test worker] TRACE o.s.aop.framework.CglibAopProxy - Found 'equals' method: public boolean java.lang.Object.equals(java.lang.Object)
2025-05-04 15:03:59 [Test worker] TRACE o.s.aop.framework.CglibAopProxy - Unable to apply any optimizations to advised method: public java.lang.String java.lang.Object.toString()
2025-05-04 15:03:59 [Test worker] TRACE o.s.aop.framework.CglibAopProxy - Found 'hashCode' method: public native int java.lang.Object.hashCode()
2025-05-04 15:03:59 [Test worker] TRACE o.s.aop.framework.CglibAopProxy - Unable to apply any optimizations to advised method: protected native java.lang.Object java.lang.Object.clone() throws java.lang.CloneNotSupportedException
2025-05-04 15:03:59 [Test worker] TRACE o.s.aop.framework.CglibAopProxy - Method is declared on Advised interface: public abstract int org.springframework.aop.framework.Advised.indexOf(org.springframework.aop.Advisor)
2025-05-04 15:03:59 [Test worker] TRACE o.s.aop.framework.CglibAopProxy - Method is declared on Advised interface: public abstract int org.springframework.aop.framework.Advised.indexOf(org.aopalliance.aop.Advice)
2025-05-04 15:03:59 [Test worker] TRACE o.s.aop.framework.CglibAopProxy - Method is declared on Advised interface: public abstract boolean org.springframework.aop.framework.Advised.isFrozen()
2025-05-04 15:03:59 [Test worker] TRACE o.s.aop.framework.CglibAopProxy - Method is declared on Advised interface: public abstract org.springframework.aop.TargetSource org.springframework.aop.framework.Advised.getTargetSource()
2025-05-04 15:03:59 [Test worker] TRACE o.s.aop.framework.CglibAopProxy - Method is declared on Advised interface: public abstract java.lang.Class[] org.springframework.aop.framework.Advised.getProxiedInterfaces()
2025-05-04 15:03:59 [Test worker] TRACE o.s.aop.framework.CglibAopProxy - Method is declared on Advised interface: public abstract boolean org.springframework.aop.framework.Advised.isInterfaceProxied(java.lang.Class)
2025-05-04 15:03:59 [Test worker] TRACE o.s.aop.framework.CglibAopProxy - Method is declared on Advised interface: public default int org.springframework.aop.framework.Advised.getAdvisorCount()
2025-05-04 15:03:59 [Test worker] TRACE o.s.aop.framework.CglibAopProxy - Method is declared on Advised interface: public abstract org.springframework.aop.Advisor[] org.springframework.aop.framework.Advised.getAdvisors()
2025-05-04 15:03:59 [Test worker] TRACE o.s.aop.framework.CglibAopProxy - Method is declared on Advised interface: public abstract boolean org.springframework.aop.framework.Advised.isProxyTargetClass()
2025-05-04 15:03:59 [Test worker] TRACE o.s.aop.framework.CglibAopProxy - Method is declared on Advised interface: public abstract void org.springframework.aop.framework.Advised.setTargetSource(org.springframework.aop.TargetSource)
2025-05-04 15:03:59 [Test worker] TRACE o.s.aop.framework.CglibAopProxy - Method is declared on Advised interface: public abstract void org.springframework.aop.framework.Advised.setExposeProxy(boolean)
2025-05-04 15:03:59 [Test worker] TRACE o.s.aop.framework.CglibAopProxy - Method is declared on Advised interface: public abstract boolean org.springframework.aop.framework.Advised.isExposeProxy()
2025-05-04 15:03:59 [Test worker] TRACE o.s.aop.framework.CglibAopProxy - Method is declared on Advised interface: public abstract void org.springframework.aop.framework.Advised.setPreFiltered(boolean)
2025-05-04 15:03:59 [Test worker] TRACE o.s.aop.framework.CglibAopProxy - Method is declared on Advised interface: public abstract boolean org.springframework.aop.framework.Advised.isPreFiltered()
2025-05-04 15:03:59 [Test worker] TRACE o.s.aop.framework.CglibAopProxy - Method is declared on Advised interface: public abstract void org.springframework.aop.framework.Advised.addAdvisor(org.springframework.aop.Advisor) throws org.springframework.aop.framework.AopConfigException
2025-05-04 15:03:59 [Test worker] TRACE o.s.aop.framework.CglibAopProxy - Method is declared on Advised interface: public abstract void org.springframework.aop.framework.Advised.addAdvisor(int,org.springframework.aop.Advisor) throws org.springframework.aop.framework.AopConfigException
2025-05-04 15:03:59 [Test worker] TRACE o.s.aop.framework.CglibAopProxy - Method is declared on Advised interface: public abstract boolean org.springframework.aop.framework.Advised.removeAdvisor(org.springframework.aop.Advisor)
2025-05-04 15:03:59 [Test worker] TRACE o.s.aop.framework.CglibAopProxy - Method is declared on Advised interface: public abstract void org.springframework.aop.framework.Advised.removeAdvisor(int) throws org.springframework.aop.framework.AopConfigException
2025-05-04 15:03:59 [Test worker] TRACE o.s.aop.framework.CglibAopProxy - Method is declared on Advised interface: public abstract boolean org.springframework.aop.framework.Advised.replaceAdvisor(org.springframework.aop.Advisor,org.springframework.aop.Advisor) throws org.springframework.aop.framework.AopConfigException
2025-05-04 15:03:59 [Test worker] TRACE o.s.aop.framework.CglibAopProxy - Method is declared on Advised interface: public abstract void org.springframework.aop.framework.Advised.addAdvice(int,org.aopalliance.aop.Advice) throws org.springframework.aop.framework.AopConfigException
2025-05-04 15:03:59 [Test worker] TRACE o.s.aop.framework.CglibAopProxy - Method is declared on Advised interface: public abstract void org.springframework.aop.framework.Advised.addAdvice(org.aopalliance.aop.Advice) throws org.springframework.aop.framework.AopConfigException
2025-05-04 15:03:59 [Test worker] TRACE o.s.aop.framework.CglibAopProxy - Method is declared on Advised interface: public abstract boolean org.springframework.aop.framework.Advised.removeAdvice(org.aopalliance.aop.Advice)
2025-05-04 15:03:59 [Test worker] TRACE o.s.aop.framework.CglibAopProxy - Method is declared on Advised interface: public abstract java.lang.String org.springframework.aop.framework.Advised.toProxyConfigString()
2025-05-04 15:03:59 [Test worker] TRACE o.s.aop.framework.CglibAopProxy - Method is declared on Advised interface: public abstract java.lang.Class org.springframework.aop.TargetClassAware.getTargetClass()
2025-05-04 15:03:59 [Test worker] TRACE o.s.a.a.a.AnnotationAwareAspectJAutoProxyCreator - Creating implicit proxy for bean 'employeeController' with 0 common interceptors and 1 specific interceptors
2025-05-04 15:03:59 [Test worker] TRACE o.s.aop.framework.CglibAopProxy - Creating CGLIB proxy: SingletonTargetSource for target object [codegym.c10.hotel.controller.EmployeeController@3af15569]
2025-05-04 15:03:59 [Test worker] TRACE o.s.aop.framework.CglibAopProxy - Unable to apply any optimizations to advised method: public org.springframework.http.ResponseEntity codegym.c10.hotel.controller.EmployeeController.updateEmployeeWithImage(java.lang.Long,java.lang.String,org.springframework.web.multipart.MultipartFile)
2025-05-04 15:03:59 [Test worker] TRACE o.s.aop.framework.CglibAopProxy - Unable to apply any optimizations to advised method: public org.springframework.http.ResponseEntity codegym.c10.hotel.controller.EmployeeController.getAllEmployees(java.lang.String,java.lang.String,int,int)
2025-05-04 15:03:59 [Test worker] TRACE o.s.aop.framework.CglibAopProxy - Unable to apply any optimizations to advised method: public org.springframework.http.ResponseEntity codegym.c10.hotel.controller.EmployeeController.getEmployeeById(java.lang.Long)
2025-05-04 15:03:59 [Test worker] TRACE o.s.aop.framework.CglibAopProxy - Unable to apply any optimizations to advised method: public org.springframework.http.ResponseEntity codegym.c10.hotel.controller.EmployeeController.deleteEmployee(java.lang.Long)
2025-05-04 15:03:59 [Test worker] TRACE o.s.aop.framework.CglibAopProxy - Unable to apply any optimizations to advised method: public org.springframework.http.ResponseEntity codegym.c10.hotel.controller.EmployeeController.createEmployee(java.lang.String,org.springframework.validation.BindingResult,org.springframework.web.multipart.MultipartFile) throws java.io.IOException
2025-05-04 15:03:59 [Test worker] TRACE o.s.aop.framework.CglibAopProxy - Found 'equals' method: public boolean java.lang.Object.equals(java.lang.Object)
2025-05-04 15:03:59 [Test worker] TRACE o.s.aop.framework.CglibAopProxy - Unable to apply any optimizations to advised method: public java.lang.String java.lang.Object.toString()
2025-05-04 15:03:59 [Test worker] TRACE o.s.aop.framework.CglibAopProxy - Found 'hashCode' method: public native int java.lang.Object.hashCode()
2025-05-04 15:03:59 [Test worker] TRACE o.s.aop.framework.CglibAopProxy - Unable to apply any optimizations to advised method: protected native java.lang.Object java.lang.Object.clone() throws java.lang.CloneNotSupportedException
2025-05-04 15:03:59 [Test worker] TRACE o.s.aop.framework.CglibAopProxy - Method is declared on Advised interface: public abstract int org.springframework.aop.framework.Advised.indexOf(org.springframework.aop.Advisor)
2025-05-04 15:03:59 [Test worker] TRACE o.s.aop.framework.CglibAopProxy - Method is declared on Advised interface: public abstract int org.springframework.aop.framework.Advised.indexOf(org.aopalliance.aop.Advice)
2025-05-04 15:03:59 [Test worker] TRACE o.s.aop.framework.CglibAopProxy - Method is declared on Advised interface: public abstract boolean org.springframework.aop.framework.Advised.isFrozen()
2025-05-04 15:03:59 [Test worker] TRACE o.s.aop.framework.CglibAopProxy - Method is declared on Advised interface: public abstract org.springframework.aop.TargetSource org.springframework.aop.framework.Advised.getTargetSource()
2025-05-04 15:03:59 [Test worker] TRACE o.s.aop.framework.CglibAopProxy - Method is declared on Advised interface: public abstract java.lang.Class[] org.springframework.aop.framework.Advised.getProxiedInterfaces()
2025-05-04 15:03:59 [Test worker] TRACE o.s.aop.framework.CglibAopProxy - Method is declared on Advised interface: public abstract boolean org.springframework.aop.framework.Advised.isInterfaceProxied(java.lang.Class)
2025-05-04 15:03:59 [Test worker] TRACE o.s.aop.framework.CglibAopProxy - Method is declared on Advised interface: public default int org.springframework.aop.framework.Advised.getAdvisorCount()
2025-05-04 15:03:59 [Test worker] TRACE o.s.aop.framework.CglibAopProxy - Method is declared on Advised interface: public abstract org.springframework.aop.Advisor[] org.springframework.aop.framework.Advised.getAdvisors()
2025-05-04 15:03:59 [Test worker] TRACE o.s.aop.framework.CglibAopProxy - Method is declared on Advised interface: public abstract boolean org.springframework.aop.framework.Advised.isProxyTargetClass()
2025-05-04 15:03:59 [Test worker] TRACE o.s.aop.framework.CglibAopProxy - Method is declared on Advised interface: public abstract void org.springframework.aop.framework.Advised.setTargetSource(org.springframework.aop.TargetSource)
2025-05-04 15:03:59 [Test worker] TRACE o.s.aop.framework.CglibAopProxy - Method is declared on Advised interface: public abstract void org.springframework.aop.framework.Advised.setExposeProxy(boolean)
2025-05-04 15:03:59 [Test worker] TRACE o.s.aop.framework.CglibAopProxy - Method is declared on Advised interface: public abstract boolean org.springframework.aop.framework.Advised.isExposeProxy()
2025-05-04 15:03:59 [Test worker] TRACE o.s.aop.framework.CglibAopProxy - Method is declared on Advised interface: public abstract void org.springframework.aop.framework.Advised.setPreFiltered(boolean)
2025-05-04 15:03:59 [Test worker] TRACE o.s.aop.framework.CglibAopProxy - Method is declared on Advised interface: public abstract boolean org.springframework.aop.framework.Advised.isPreFiltered()
2025-05-04 15:03:59 [Test worker] TRACE o.s.aop.framework.CglibAopProxy - Method is declared on Advised interface: public abstract void org.springframework.aop.framework.Advised.addAdvisor(org.springframework.aop.Advisor) throws org.springframework.aop.framework.AopConfigException
2025-05-04 15:03:59 [Test worker] TRACE o.s.aop.framework.CglibAopProxy - Method is declared on Advised interface: public abstract void org.springframework.aop.framework.Advised.addAdvisor(int,org.springframework.aop.Advisor) throws org.springframework.aop.framework.AopConfigException
2025-05-04 15:03:59 [Test worker] TRACE o.s.aop.framework.CglibAopProxy - Method is declared on Advised interface: public abstract boolean org.springframework.aop.framework.Advised.removeAdvisor(org.springframework.aop.Advisor)
2025-05-04 15:03:59 [Test worker] TRACE o.s.aop.framework.CglibAopProxy - Method is declared on Advised interface: public abstract void org.springframework.aop.framework.Advised.removeAdvisor(int) throws org.springframework.aop.framework.AopConfigException
2025-05-04 15:03:59 [Test worker] TRACE o.s.aop.framework.CglibAopProxy - Method is declared on Advised interface: public abstract boolean org.springframework.aop.framework.Advised.replaceAdvisor(org.springframework.aop.Advisor,org.springframework.aop.Advisor) throws org.springframework.aop.framework.AopConfigException
2025-05-04 15:03:59 [Test worker] TRACE o.s.aop.framework.CglibAopProxy - Method is declared on Advised interface: public abstract void org.springframework.aop.framework.Advised.addAdvice(int,org.aopalliance.aop.Advice) throws org.springframework.aop.framework.AopConfigException
2025-05-04 15:03:59 [Test worker] TRACE o.s.aop.framework.CglibAopProxy - Method is declared on Advised interface: public abstract void org.springframework.aop.framework.Advised.addAdvice(org.aopalliance.aop.Advice) throws org.springframework.aop.framework.AopConfigException
2025-05-04 15:03:59 [Test worker] TRACE o.s.aop.framework.CglibAopProxy - Method is declared on Advised interface: public abstract boolean org.springframework.aop.framework.Advised.removeAdvice(org.aopalliance.aop.Advice)
2025-05-04 15:03:59 [Test worker] TRACE o.s.aop.framework.CglibAopProxy - Method is declared on Advised interface: public abstract java.lang.String org.springframework.aop.framework.Advised.toProxyConfigString()
2025-05-04 15:03:59 [Test worker] TRACE o.s.aop.framework.CglibAopProxy - Method is declared on Advised interface: public abstract java.lang.Class org.springframework.aop.TargetClassAware.getTargetClass()
2025-05-04 15:03:59 [Test worker] TRACE o.s.a.a.a.AnnotationAwareAspectJAutoProxyCreator - Creating implicit proxy for bean 'permissionService' with 0 common interceptors and 3 specific interceptors
2025-05-04 15:03:59 [Test worker] TRACE o.s.aop.framework.CglibAopProxy - Creating CGLIB proxy: SingletonTargetSource for target object [codegym.c10.hotel.service.permission.PermissionService@5af08862]
2025-05-04 15:03:59 [Test worker] TRACE o.s.aop.framework.CglibAopProxy - Unable to apply any optimizations to advised method: public java.util.Optional codegym.c10.hotel.service.permission.PermissionService.findById(java.lang.Long)
2025-05-04 15:03:59 [Test worker] TRACE o.s.aop.framework.CglibAopProxy - Unable to apply any optimizations to advised method: public org.springframework.data.domain.Page codegym.c10.hotel.service.permission.PermissionService.findAll(org.springframework.data.domain.Pageable)
2025-05-04 15:03:59 [Test worker] TRACE o.s.aop.framework.CglibAopProxy - Unable to apply any optimizations to advised method: public java.util.Optional codegym.c10.hotel.service.permission.PermissionService.findByName(java.lang.String)
2025-05-04 15:03:59 [Test worker] TRACE o.s.aop.framework.CglibAopProxy - Unable to apply any optimizations to advised method: public codegym.c10.hotel.dto.PermissionDto codegym.c10.hotel.service.permission.PermissionService.createPermission(codegym.c10.hotel.dto.PermissionDto)
2025-05-04 15:03:59 [Test worker] TRACE o.s.aop.framework.CglibAopProxy - Unable to apply any optimizations to advised method: public java.util.Optional codegym.c10.hotel.service.permission.PermissionService.updatePermission(java.lang.Long,codegym.c10.hotel.dto.PermissionDto)
2025-05-04 15:03:59 [Test worker] TRACE o.s.aop.framework.CglibAopProxy - Unable to apply any optimizations to advised method: public boolean codegym.c10.hotel.service.permission.PermissionService.deletePermission(java.lang.Long)
2025-05-04 15:03:59 [Test worker] TRACE o.s.aop.framework.CglibAopProxy - Found 'equals' method: public boolean java.lang.Object.equals(java.lang.Object)
2025-05-04 15:03:59 [Test worker] TRACE o.s.aop.framework.CglibAopProxy - Unable to apply any optimizations to advised method: public java.lang.String java.lang.Object.toString()
2025-05-04 15:03:59 [Test worker] TRACE o.s.aop.framework.CglibAopProxy - Found 'hashCode' method: public native int java.lang.Object.hashCode()
2025-05-04 15:03:59 [Test worker] TRACE o.s.aop.framework.CglibAopProxy - Unable to apply any optimizations to advised method: protected native java.lang.Object java.lang.Object.clone() throws java.lang.CloneNotSupportedException
2025-05-04 15:03:59 [Test worker] TRACE o.s.aop.framework.CglibAopProxy - Method is declared on Advised interface: public abstract int org.springframework.aop.framework.Advised.indexOf(org.springframework.aop.Advisor)
2025-05-04 15:03:59 [Test worker] TRACE o.s.aop.framework.CglibAopProxy - Method is declared on Advised interface: public abstract int org.springframework.aop.framework.Advised.indexOf(org.aopalliance.aop.Advice)
2025-05-04 15:03:59 [Test worker] TRACE o.s.aop.framework.CglibAopProxy - Method is declared on Advised interface: public abstract boolean org.springframework.aop.framework.Advised.isFrozen()
2025-05-04 15:03:59 [Test worker] TRACE o.s.aop.framework.CglibAopProxy - Method is declared on Advised interface: public abstract org.springframework.aop.TargetSource org.springframework.aop.framework.Advised.getTargetSource()
2025-05-04 15:03:59 [Test worker] TRACE o.s.aop.framework.CglibAopProxy - Method is declared on Advised interface: public abstract java.lang.Class[] org.springframework.aop.framework.Advised.getProxiedInterfaces()
2025-05-04 15:03:59 [Test worker] TRACE o.s.aop.framework.CglibAopProxy - Method is declared on Advised interface: public abstract boolean org.springframework.aop.framework.Advised.isInterfaceProxied(java.lang.Class)
2025-05-04 15:03:59 [Test worker] TRACE o.s.aop.framework.CglibAopProxy - Method is declared on Advised interface: public default int org.springframework.aop.framework.Advised.getAdvisorCount()
2025-05-04 15:03:59 [Test worker] TRACE o.s.aop.framework.CglibAopProxy - Method is declared on Advised interface: public abstract org.springframework.aop.Advisor[] org.springframework.aop.framework.Advised.getAdvisors()
2025-05-04 15:03:59 [Test worker] TRACE o.s.aop.framework.CglibAopProxy - Method is declared on Advised interface: public abstract boolean org.springframework.aop.framework.Advised.isProxyTargetClass()
2025-05-04 15:03:59 [Test worker] TRACE o.s.aop.framework.CglibAopProxy - Method is declared on Advised interface: public abstract void org.springframework.aop.framework.Advised.setTargetSource(org.springframework.aop.TargetSource)
2025-05-04 15:03:59 [Test worker] TRACE o.s.aop.framework.CglibAopProxy - Method is declared on Advised interface: public abstract void org.springframework.aop.framework.Advised.setExposeProxy(boolean)
2025-05-04 15:03:59 [Test worker] TRACE o.s.aop.framework.CglibAopProxy - Method is declared on Advised interface: public abstract boolean org.springframework.aop.framework.Advised.isExposeProxy()
2025-05-04 15:03:59 [Test worker] TRACE o.s.aop.framework.CglibAopProxy - Method is declared on Advised interface: public abstract void org.springframework.aop.framework.Advised.setPreFiltered(boolean)
2025-05-04 15:03:59 [Test worker] TRACE o.s.aop.framework.CglibAopProxy - Method is declared on Advised interface: public abstract boolean org.springframework.aop.framework.Advised.isPreFiltered()
2025-05-04 15:03:59 [Test worker] TRACE o.s.aop.framework.CglibAopProxy - Method is declared on Advised interface: public abstract void org.springframework.aop.framework.Advised.addAdvisor(org.springframework.aop.Advisor) throws org.springframework.aop.framework.AopConfigException
2025-05-04 15:03:59 [Test worker] TRACE o.s.aop.framework.CglibAopProxy - Method is declared on Advised interface: public abstract void org.springframework.aop.framework.Advised.addAdvisor(int,org.springframework.aop.Advisor) throws org.springframework.aop.framework.AopConfigException
2025-05-04 15:03:59 [Test worker] TRACE o.s.aop.framework.CglibAopProxy - Method is declared on Advised interface: public abstract boolean org.springframework.aop.framework.Advised.removeAdvisor(org.springframework.aop.Advisor)
2025-05-04 15:03:59 [Test worker] TRACE o.s.aop.framework.CglibAopProxy - Method is declared on Advised interface: public abstract void org.springframework.aop.framework.Advised.removeAdvisor(int) throws org.springframework.aop.framework.AopConfigException
2025-05-04 15:03:59 [Test worker] TRACE o.s.aop.framework.CglibAopProxy - Method is declared on Advised interface: public abstract boolean org.springframework.aop.framework.Advised.replaceAdvisor(org.springframework.aop.Advisor,org.springframework.aop.Advisor) throws org.springframework.aop.framework.AopConfigException
2025-05-04 15:03:59 [Test worker] TRACE o.s.aop.framework.CglibAopProxy - Method is declared on Advised interface: public abstract void org.springframework.aop.framework.Advised.addAdvice(int,org.aopalliance.aop.Advice) throws org.springframework.aop.framework.AopConfigException
2025-05-04 15:03:59 [Test worker] TRACE o.s.aop.framework.CglibAopProxy - Method is declared on Advised interface: public abstract void org.springframework.aop.framework.Advised.addAdvice(org.aopalliance.aop.Advice) throws org.springframework.aop.framework.AopConfigException
2025-05-04 15:03:59 [Test worker] TRACE o.s.aop.framework.CglibAopProxy - Method is declared on Advised interface: public abstract boolean org.springframework.aop.framework.Advised.removeAdvice(org.aopalliance.aop.Advice)
2025-05-04 15:03:59 [Test worker] TRACE o.s.aop.framework.CglibAopProxy - Method is declared on Advised interface: public abstract java.lang.String org.springframework.aop.framework.Advised.toProxyConfigString()
2025-05-04 15:03:59 [Test worker] TRACE o.s.aop.framework.CglibAopProxy - Method is declared on Advised interface: public abstract java.lang.Class org.springframework.aop.TargetClassAware.getTargetClass()
2025-05-04 15:03:59 [Test worker] TRACE o.s.a.a.a.AnnotationAwareAspectJAutoProxyCreator - Creating implicit proxy for bean 'roleService' with 0 common interceptors and 3 specific interceptors
2025-05-04 15:03:59 [Test worker] TRACE o.s.aop.framework.CglibAopProxy - Creating CGLIB proxy: SingletonTargetSource for target object [codegym.c10.hotel.service.role.RoleService@1ac28194]
2025-05-04 15:03:59 [Test worker] TRACE o.s.aop.framework.CglibAopProxy - Unable to apply any optimizations to advised method: public java.util.Optional codegym.c10.hotel.service.role.RoleService.findById(java.lang.Long)
2025-05-04 15:03:59 [Test worker] TRACE o.s.aop.framework.CglibAopProxy - Unable to apply any optimizations to advised method: public org.springframework.data.domain.Page codegym.c10.hotel.service.role.RoleService.findAll(org.springframework.data.domain.Pageable)
2025-05-04 15:03:59 [Test worker] TRACE o.s.aop.framework.CglibAopProxy - Unable to apply any optimizations to advised method: public java.util.Optional codegym.c10.hotel.service.role.RoleService.findByName(java.lang.String)
2025-05-04 15:03:59 [Test worker] TRACE o.s.aop.framework.CglibAopProxy - Unable to apply any optimizations to advised method: public codegym.c10.hotel.dto.RoleDto codegym.c10.hotel.service.role.RoleService.createRole(codegym.c10.hotel.dto.RoleDto)
2025-05-04 15:03:59 [Test worker] TRACE o.s.aop.framework.CglibAopProxy - Unable to apply any optimizations to advised method: public java.util.Optional codegym.c10.hotel.service.role.RoleService.updateRole(java.lang.Long,codegym.c10.hotel.dto.RoleDto)
2025-05-04 15:03:59 [Test worker] TRACE o.s.aop.framework.CglibAopProxy - Unable to apply any optimizations to advised method: public boolean codegym.c10.hotel.service.role.RoleService.deleteRole(java.lang.Long)
2025-05-04 15:03:59 [Test worker] TRACE o.s.aop.framework.CglibAopProxy - Unable to apply any optimizations to advised method: public boolean codegym.c10.hotel.service.role.RoleService.addPermissionToRole(java.lang.Long,java.lang.Long)
2025-05-04 15:03:59 [Test worker] TRACE o.s.aop.framework.CglibAopProxy - Unable to apply any optimizations to advised method: public boolean codegym.c10.hotel.service.role.RoleService.removePermissionFromRole(java.lang.Long,java.lang.Long)
2025-05-04 15:03:59 [Test worker] TRACE o.s.aop.framework.CglibAopProxy - Found 'equals' method: public boolean java.lang.Object.equals(java.lang.Object)
2025-05-04 15:03:59 [Test worker] TRACE o.s.aop.framework.CglibAopProxy - Unable to apply any optimizations to advised method: public java.lang.String java.lang.Object.toString()
2025-05-04 15:03:59 [Test worker] TRACE o.s.aop.framework.CglibAopProxy - Found 'hashCode' method: public native int java.lang.Object.hashCode()
2025-05-04 15:03:59 [Test worker] TRACE o.s.aop.framework.CglibAopProxy - Unable to apply any optimizations to advised method: protected native java.lang.Object java.lang.Object.clone() throws java.lang.CloneNotSupportedException
2025-05-04 15:03:59 [Test worker] TRACE o.s.aop.framework.CglibAopProxy - Method is declared on Advised interface: public abstract int org.springframework.aop.framework.Advised.indexOf(org.springframework.aop.Advisor)
2025-05-04 15:03:59 [Test worker] TRACE o.s.aop.framework.CglibAopProxy - Method is declared on Advised interface: public abstract int org.springframework.aop.framework.Advised.indexOf(org.aopalliance.aop.Advice)
2025-05-04 15:03:59 [Test worker] TRACE o.s.aop.framework.CglibAopProxy - Method is declared on Advised interface: public abstract boolean org.springframework.aop.framework.Advised.isFrozen()
2025-05-04 15:03:59 [Test worker] TRACE o.s.aop.framework.CglibAopProxy - Method is declared on Advised interface: public abstract org.springframework.aop.TargetSource org.springframework.aop.framework.Advised.getTargetSource()
2025-05-04 15:03:59 [Test worker] TRACE o.s.aop.framework.CglibAopProxy - Method is declared on Advised interface: public abstract java.lang.Class[] org.springframework.aop.framework.Advised.getProxiedInterfaces()
2025-05-04 15:03:59 [Test worker] TRACE o.s.aop.framework.CglibAopProxy - Method is declared on Advised interface: public abstract boolean org.springframework.aop.framework.Advised.isInterfaceProxied(java.lang.Class)
2025-05-04 15:03:59 [Test worker] TRACE o.s.aop.framework.CglibAopProxy - Method is declared on Advised interface: public default int org.springframework.aop.framework.Advised.getAdvisorCount()
2025-05-04 15:03:59 [Test worker] TRACE o.s.aop.framework.CglibAopProxy - Method is declared on Advised interface: public abstract org.springframework.aop.Advisor[] org.springframework.aop.framework.Advised.getAdvisors()
2025-05-04 15:03:59 [Test worker] TRACE o.s.aop.framework.CglibAopProxy - Method is declared on Advised interface: public abstract boolean org.springframework.aop.framework.Advised.isProxyTargetClass()
2025-05-04 15:03:59 [Test worker] TRACE o.s.aop.framework.CglibAopProxy - Method is declared on Advised interface: public abstract void org.springframework.aop.framework.Advised.setTargetSource(org.springframework.aop.TargetSource)
2025-05-04 15:03:59 [Test worker] TRACE o.s.aop.framework.CglibAopProxy - Method is declared on Advised interface: public abstract void org.springframework.aop.framework.Advised.setExposeProxy(boolean)
2025-05-04 15:03:59 [Test worker] TRACE o.s.aop.framework.CglibAopProxy - Method is declared on Advised interface: public abstract boolean org.springframework.aop.framework.Advised.isExposeProxy()
2025-05-04 15:03:59 [Test worker] TRACE o.s.aop.framework.CglibAopProxy - Method is declared on Advised interface: public abstract void org.springframework.aop.framework.Advised.setPreFiltered(boolean)
2025-05-04 15:03:59 [Test worker] TRACE o.s.aop.framework.CglibAopProxy - Method is declared on Advised interface: public abstract boolean org.springframework.aop.framework.Advised.isPreFiltered()
2025-05-04 15:03:59 [Test worker] TRACE o.s.aop.framework.CglibAopProxy - Method is declared on Advised interface: public abstract void org.springframework.aop.framework.Advised.addAdvisor(org.springframework.aop.Advisor) throws org.springframework.aop.framework.AopConfigException
2025-05-04 15:03:59 [Test worker] TRACE o.s.aop.framework.CglibAopProxy - Method is declared on Advised interface: public abstract void org.springframework.aop.framework.Advised.addAdvisor(int,org.springframework.aop.Advisor) throws org.springframework.aop.framework.AopConfigException
2025-05-04 15:03:59 [Test worker] TRACE o.s.aop.framework.CglibAopProxy - Method is declared on Advised interface: public abstract boolean org.springframework.aop.framework.Advised.removeAdvisor(org.springframework.aop.Advisor)
2025-05-04 15:03:59 [Test worker] TRACE o.s.aop.framework.CglibAopProxy - Method is declared on Advised interface: public abstract void org.springframework.aop.framework.Advised.removeAdvisor(int) throws org.springframework.aop.framework.AopConfigException
2025-05-04 15:03:59 [Test worker] TRACE o.s.aop.framework.CglibAopProxy - Method is declared on Advised interface: public abstract boolean org.springframework.aop.framework.Advised.replaceAdvisor(org.springframework.aop.Advisor,org.springframework.aop.Advisor) throws org.springframework.aop.framework.AopConfigException
2025-05-04 15:03:59 [Test worker] TRACE o.s.aop.framework.CglibAopProxy - Method is declared on Advised interface: public abstract void org.springframework.aop.framework.Advised.addAdvice(int,org.aopalliance.aop.Advice) throws org.springframework.aop.framework.AopConfigException
2025-05-04 15:03:59 [Test worker] TRACE o.s.aop.framework.CglibAopProxy - Method is declared on Advised interface: public abstract void org.springframework.aop.framework.Advised.addAdvice(org.aopalliance.aop.Advice) throws org.springframework.aop.framework.AopConfigException
2025-05-04 15:03:59 [Test worker] TRACE o.s.aop.framework.CglibAopProxy - Method is declared on Advised interface: public abstract boolean org.springframework.aop.framework.Advised.removeAdvice(org.aopalliance.aop.Advice)
2025-05-04 15:03:59 [Test worker] TRACE o.s.aop.framework.CglibAopProxy - Method is declared on Advised interface: public abstract java.lang.String org.springframework.aop.framework.Advised.toProxyConfigString()
2025-05-04 15:03:59 [Test worker] TRACE o.s.aop.framework.CglibAopProxy - Method is declared on Advised interface: public abstract java.lang.Class org.springframework.aop.TargetClassAware.getTargetClass()
2025-05-04 15:03:59 [Test worker] TRACE o.s.a.a.a.AnnotationAwareAspectJAutoProxyCreator - Creating implicit proxy for bean 'roleController' with 0 common interceptors and 1 specific interceptors
2025-05-04 15:03:59 [Test worker] TRACE o.s.aop.framework.CglibAopProxy - Creating CGLIB proxy: SingletonTargetSource for target object [codegym.c10.hotel.controller.RoleController@53061382]
2025-05-04 15:03:59 [Test worker] TRACE o.s.aop.framework.CglibAopProxy - Unable to apply any optimizations to advised method: public org.springframework.http.ResponseEntity codegym.c10.hotel.controller.RoleController.getAllRoles(org.springframework.data.domain.Pageable)
2025-05-04 15:03:59 [Test worker] TRACE o.s.aop.framework.CglibAopProxy - Unable to apply any optimizations to advised method: public org.springframework.http.ResponseEntity codegym.c10.hotel.controller.RoleController.createRole(codegym.c10.hotel.dto.RoleDto)
2025-05-04 15:03:59 [Test worker] TRACE o.s.aop.framework.CglibAopProxy - Unable to apply any optimizations to advised method: public org.springframework.http.ResponseEntity codegym.c10.hotel.controller.RoleController.updateRole(java.lang.Long,codegym.c10.hotel.dto.RoleDto)
2025-05-04 15:03:59 [Test worker] TRACE o.s.aop.framework.CglibAopProxy - Unable to apply any optimizations to advised method: public org.springframework.http.ResponseEntity codegym.c10.hotel.controller.RoleController.deleteRole(java.lang.Long)
2025-05-04 15:03:59 [Test worker] TRACE o.s.aop.framework.CglibAopProxy - Unable to apply any optimizations to advised method: public org.springframework.http.ResponseEntity codegym.c10.hotel.controller.RoleController.addPermissionToRole(java.lang.Long,java.lang.Long)
2025-05-04 15:03:59 [Test worker] TRACE o.s.aop.framework.CglibAopProxy - Unable to apply any optimizations to advised method: public org.springframework.http.ResponseEntity codegym.c10.hotel.controller.RoleController.removePermissionFromRole(java.lang.Long,java.lang.Long)
2025-05-04 15:03:59 [Test worker] TRACE o.s.aop.framework.CglibAopProxy - Unable to apply any optimizations to advised method: public org.springframework.http.ResponseEntity codegym.c10.hotel.controller.RoleController.getRoleById(java.lang.Long)
2025-05-04 15:03:59 [Test worker] TRACE o.s.aop.framework.CglibAopProxy - Found 'equals' method: public boolean java.lang.Object.equals(java.lang.Object)
2025-05-04 15:03:59 [Test worker] TRACE o.s.aop.framework.CglibAopProxy - Unable to apply any optimizations to advised method: public java.lang.String java.lang.Object.toString()
2025-05-04 15:03:59 [Test worker] TRACE o.s.aop.framework.CglibAopProxy - Found 'hashCode' method: public native int java.lang.Object.hashCode()
2025-05-04 15:03:59 [Test worker] TRACE o.s.aop.framework.CglibAopProxy - Unable to apply any optimizations to advised method: protected native java.lang.Object java.lang.Object.clone() throws java.lang.CloneNotSupportedException
2025-05-04 15:03:59 [Test worker] TRACE o.s.aop.framework.CglibAopProxy - Method is declared on Advised interface: public abstract int org.springframework.aop.framework.Advised.indexOf(org.springframework.aop.Advisor)
2025-05-04 15:03:59 [Test worker] TRACE o.s.aop.framework.CglibAopProxy - Method is declared on Advised interface: public abstract int org.springframework.aop.framework.Advised.indexOf(org.aopalliance.aop.Advice)
2025-05-04 15:03:59 [Test worker] TRACE o.s.aop.framework.CglibAopProxy - Method is declared on Advised interface: public abstract boolean org.springframework.aop.framework.Advised.isFrozen()
2025-05-04 15:03:59 [Test worker] TRACE o.s.aop.framework.CglibAopProxy - Method is declared on Advised interface: public abstract org.springframework.aop.TargetSource org.springframework.aop.framework.Advised.getTargetSource()
2025-05-04 15:03:59 [Test worker] TRACE o.s.aop.framework.CglibAopProxy - Method is declared on Advised interface: public abstract java.lang.Class[] org.springframework.aop.framework.Advised.getProxiedInterfaces()
2025-05-04 15:03:59 [Test worker] TRACE o.s.aop.framework.CglibAopProxy - Method is declared on Advised interface: public abstract boolean org.springframework.aop.framework.Advised.isInterfaceProxied(java.lang.Class)
2025-05-04 15:03:59 [Test worker] TRACE o.s.aop.framework.CglibAopProxy - Method is declared on Advised interface: public default int org.springframework.aop.framework.Advised.getAdvisorCount()
2025-05-04 15:03:59 [Test worker] TRACE o.s.aop.framework.CglibAopProxy - Method is declared on Advised interface: public abstract org.springframework.aop.Advisor[] org.springframework.aop.framework.Advised.getAdvisors()
2025-05-04 15:03:59 [Test worker] TRACE o.s.aop.framework.CglibAopProxy - Method is declared on Advised interface: public abstract boolean org.springframework.aop.framework.Advised.isProxyTargetClass()
2025-05-04 15:03:59 [Test worker] TRACE o.s.aop.framework.CglibAopProxy - Method is declared on Advised interface: public abstract void org.springframework.aop.framework.Advised.setTargetSource(org.springframework.aop.TargetSource)
2025-05-04 15:03:59 [Test worker] TRACE o.s.aop.framework.CglibAopProxy - Method is declared on Advised interface: public abstract void org.springframework.aop.framework.Advised.setExposeProxy(boolean)
2025-05-04 15:03:59 [Test worker] TRACE o.s.aop.framework.CglibAopProxy - Method is declared on Advised interface: public abstract boolean org.springframework.aop.framework.Advised.isExposeProxy()
2025-05-04 15:03:59 [Test worker] TRACE o.s.aop.framework.CglibAopProxy - Method is declared on Advised interface: public abstract void org.springframework.aop.framework.Advised.setPreFiltered(boolean)
2025-05-04 15:03:59 [Test worker] TRACE o.s.aop.framework.CglibAopProxy - Method is declared on Advised interface: public abstract boolean org.springframework.aop.framework.Advised.isPreFiltered()
2025-05-04 15:03:59 [Test worker] TRACE o.s.aop.framework.CglibAopProxy - Method is declared on Advised interface: public abstract void org.springframework.aop.framework.Advised.addAdvisor(org.springframework.aop.Advisor) throws org.springframework.aop.framework.AopConfigException
2025-05-04 15:03:59 [Test worker] TRACE o.s.aop.framework.CglibAopProxy - Method is declared on Advised interface: public abstract void org.springframework.aop.framework.Advised.addAdvisor(int,org.springframework.aop.Advisor) throws org.springframework.aop.framework.AopConfigException
2025-05-04 15:03:59 [Test worker] TRACE o.s.aop.framework.CglibAopProxy - Method is declared on Advised interface: public abstract boolean org.springframework.aop.framework.Advised.removeAdvisor(org.springframework.aop.Advisor)
2025-05-04 15:03:59 [Test worker] TRACE o.s.aop.framework.CglibAopProxy - Method is declared on Advised interface: public abstract void org.springframework.aop.framework.Advised.removeAdvisor(int) throws org.springframework.aop.framework.AopConfigException
2025-05-04 15:03:59 [Test worker] TRACE o.s.aop.framework.CglibAopProxy - Method is declared on Advised interface: public abstract boolean org.springframework.aop.framework.Advised.replaceAdvisor(org.springframework.aop.Advisor,org.springframework.aop.Advisor) throws org.springframework.aop.framework.AopConfigException
2025-05-04 15:03:59 [Test worker] TRACE o.s.aop.framework.CglibAopProxy - Method is declared on Advised interface: public abstract void org.springframework.aop.framework.Advised.addAdvice(int,org.aopalliance.aop.Advice) throws org.springframework.aop.framework.AopConfigException
2025-05-04 15:03:59 [Test worker] TRACE o.s.aop.framework.CglibAopProxy - Method is declared on Advised interface: public abstract void org.springframework.aop.framework.Advised.addAdvice(org.aopalliance.aop.Advice) throws org.springframework.aop.framework.AopConfigException
2025-05-04 15:03:59 [Test worker] TRACE o.s.aop.framework.CglibAopProxy - Method is declared on Advised interface: public abstract boolean org.springframework.aop.framework.Advised.removeAdvice(org.aopalliance.aop.Advice)
2025-05-04 15:03:59 [Test worker] TRACE o.s.aop.framework.CglibAopProxy - Method is declared on Advised interface: public abstract java.lang.String org.springframework.aop.framework.Advised.toProxyConfigString()
2025-05-04 15:03:59 [Test worker] TRACE o.s.aop.framework.CglibAopProxy - Method is declared on Advised interface: public abstract java.lang.Class org.springframework.aop.TargetClassAware.getTargetClass()
2025-05-04 15:03:59 [Test worker] TRACE o.s.a.a.a.AnnotationAwareAspectJAutoProxyCreator - Creating implicit proxy for bean 'roomCategoryServiceImpl' with 0 common interceptors and 3 specific interceptors
2025-05-04 15:03:59 [Test worker] TRACE o.s.aop.framework.CglibAopProxy - Creating CGLIB proxy: SingletonTargetSource for target object [codegym.c10.hotel.service.impl.RoomCategoryServiceImpl@406b6988]
2025-05-04 15:03:59 [Test worker] TRACE o.s.aop.framework.CglibAopProxy - Unable to apply any optimizations to advised method: public java.util.Optional codegym.c10.hotel.service.impl.RoomCategoryServiceImpl.findById(java.lang.Long)
2025-05-04 15:03:59 [Test worker] TRACE o.s.aop.framework.CglibAopProxy - Unable to apply any optimizations to advised method: public boolean codegym.c10.hotel.service.impl.RoomCategoryServiceImpl.existsById(java.lang.Long)
2025-05-04 15:03:59 [Test worker] TRACE o.s.aop.framework.CglibAopProxy - Unable to apply any optimizations to advised method: public void codegym.c10.hotel.service.impl.RoomCategoryServiceImpl.remove(java.lang.Long)
2025-05-04 15:03:59 [Test worker] TRACE o.s.aop.framework.CglibAopProxy - Unable to apply any optimizations to advised method: public codegym.c10.hotel.entity.RoomCategory codegym.c10.hotel.service.impl.RoomCategoryServiceImpl.update(codegym.c10.hotel.entity.RoomCategory)
2025-05-04 15:03:59 [Test worker] TRACE o.s.aop.framework.CglibAopProxy - Unable to apply any optimizations to advised method: public codegym.c10.hotel.entity.RoomCategory codegym.c10.hotel.service.impl.RoomCategoryServiceImpl.save(codegym.c10.hotel.entity.RoomCategory)
2025-05-04 15:03:59 [Test worker] TRACE o.s.aop.framework.CglibAopProxy - Unable to apply any optimizations to advised method: public java.lang.Iterable codegym.c10.hotel.service.impl.RoomCategoryServiceImpl.findAll()
2025-05-04 15:03:59 [Test worker] TRACE o.s.aop.framework.CglibAopProxy - Unable to apply any optimizations to advised method: public org.springframework.data.domain.Page codegym.c10.hotel.service.impl.RoomCategoryServiceImpl.advancedSearch(java.lang.String,codegym.c10.hotel.eNum.RoomCategoryStatus,java.lang.Double,java.lang.Double,java.lang.Double,java.lang.Double,java.lang.Double,java.lang.Double,org.springframework.data.domain.Pageable)
2025-05-04 15:03:59 [Test worker] TRACE o.s.aop.framework.CglibAopProxy - Unable to apply any optimizations to advised method: public boolean codegym.c10.hotel.service.impl.RoomCategoryServiceImpl.existsByCode(java.lang.String)
2025-05-04 15:03:59 [Test worker] TRACE o.s.aop.framework.CglibAopProxy - Unable to apply any optimizations to advised method: public boolean codegym.c10.hotel.service.impl.RoomCategoryServiceImpl.existsByCodeAndIdNot(java.lang.String,java.lang.Long)
2025-05-04 15:03:59 [Test worker] TRACE o.s.aop.framework.CglibAopProxy - Found 'equals' method: public boolean java.lang.Object.equals(java.lang.Object)
2025-05-04 15:03:59 [Test worker] TRACE o.s.aop.framework.CglibAopProxy - Unable to apply any optimizations to advised method: public java.lang.String java.lang.Object.toString()
2025-05-04 15:03:59 [Test worker] TRACE o.s.aop.framework.CglibAopProxy - Found 'hashCode' method: public native int java.lang.Object.hashCode()
2025-05-04 15:03:59 [Test worker] TRACE o.s.aop.framework.CglibAopProxy - Unable to apply any optimizations to advised method: protected native java.lang.Object java.lang.Object.clone() throws java.lang.CloneNotSupportedException
2025-05-04 15:03:59 [Test worker] TRACE o.s.aop.framework.CglibAopProxy - Method is declared on Advised interface: public abstract int org.springframework.aop.framework.Advised.indexOf(org.springframework.aop.Advisor)
2025-05-04 15:03:59 [Test worker] TRACE o.s.aop.framework.CglibAopProxy - Method is declared on Advised interface: public abstract int org.springframework.aop.framework.Advised.indexOf(org.aopalliance.aop.Advice)
2025-05-04 15:03:59 [Test worker] TRACE o.s.aop.framework.CglibAopProxy - Method is declared on Advised interface: public abstract boolean org.springframework.aop.framework.Advised.isFrozen()
2025-05-04 15:03:59 [Test worker] TRACE o.s.aop.framework.CglibAopProxy - Method is declared on Advised interface: public abstract org.springframework.aop.TargetSource org.springframework.aop.framework.Advised.getTargetSource()
2025-05-04 15:03:59 [Test worker] TRACE o.s.aop.framework.CglibAopProxy - Method is declared on Advised interface: public abstract java.lang.Class[] org.springframework.aop.framework.Advised.getProxiedInterfaces()
2025-05-04 15:03:59 [Test worker] TRACE o.s.aop.framework.CglibAopProxy - Method is declared on Advised interface: public abstract boolean org.springframework.aop.framework.Advised.isInterfaceProxied(java.lang.Class)
2025-05-04 15:03:59 [Test worker] TRACE o.s.aop.framework.CglibAopProxy - Method is declared on Advised interface: public default int org.springframework.aop.framework.Advised.getAdvisorCount()
2025-05-04 15:03:59 [Test worker] TRACE o.s.aop.framework.CglibAopProxy - Method is declared on Advised interface: public abstract org.springframework.aop.Advisor[] org.springframework.aop.framework.Advised.getAdvisors()
2025-05-04 15:03:59 [Test worker] TRACE o.s.aop.framework.CglibAopProxy - Method is declared on Advised interface: public abstract boolean org.springframework.aop.framework.Advised.isProxyTargetClass()
2025-05-04 15:03:59 [Test worker] TRACE o.s.aop.framework.CglibAopProxy - Method is declared on Advised interface: public abstract void org.springframework.aop.framework.Advised.setTargetSource(org.springframework.aop.TargetSource)
2025-05-04 15:03:59 [Test worker] TRACE o.s.aop.framework.CglibAopProxy - Method is declared on Advised interface: public abstract void org.springframework.aop.framework.Advised.setExposeProxy(boolean)
2025-05-04 15:03:59 [Test worker] TRACE o.s.aop.framework.CglibAopProxy - Method is declared on Advised interface: public abstract boolean org.springframework.aop.framework.Advised.isExposeProxy()
2025-05-04 15:03:59 [Test worker] TRACE o.s.aop.framework.CglibAopProxy - Method is declared on Advised interface: public abstract void org.springframework.aop.framework.Advised.setPreFiltered(boolean)
2025-05-04 15:03:59 [Test worker] TRACE o.s.aop.framework.CglibAopProxy - Method is declared on Advised interface: public abstract boolean org.springframework.aop.framework.Advised.isPreFiltered()
2025-05-04 15:03:59 [Test worker] TRACE o.s.aop.framework.CglibAopProxy - Method is declared on Advised interface: public abstract void org.springframework.aop.framework.Advised.addAdvisor(org.springframework.aop.Advisor) throws org.springframework.aop.framework.AopConfigException
2025-05-04 15:03:59 [Test worker] TRACE o.s.aop.framework.CglibAopProxy - Method is declared on Advised interface: public abstract void org.springframework.aop.framework.Advised.addAdvisor(int,org.springframework.aop.Advisor) throws org.springframework.aop.framework.AopConfigException
2025-05-04 15:03:59 [Test worker] TRACE o.s.aop.framework.CglibAopProxy - Method is declared on Advised interface: public abstract boolean org.springframework.aop.framework.Advised.removeAdvisor(org.springframework.aop.Advisor)
2025-05-04 15:03:59 [Test worker] TRACE o.s.aop.framework.CglibAopProxy - Method is declared on Advised interface: public abstract void org.springframework.aop.framework.Advised.removeAdvisor(int) throws org.springframework.aop.framework.AopConfigException
2025-05-04 15:03:59 [Test worker] TRACE o.s.aop.framework.CglibAopProxy - Method is declared on Advised interface: public abstract boolean org.springframework.aop.framework.Advised.replaceAdvisor(org.springframework.aop.Advisor,org.springframework.aop.Advisor) throws org.springframework.aop.framework.AopConfigException
2025-05-04 15:03:59 [Test worker] TRACE o.s.aop.framework.CglibAopProxy - Method is declared on Advised interface: public abstract void org.springframework.aop.framework.Advised.addAdvice(int,org.aopalliance.aop.Advice) throws org.springframework.aop.framework.AopConfigException
2025-05-04 15:03:59 [Test worker] TRACE o.s.aop.framework.CglibAopProxy - Method is declared on Advised interface: public abstract void org.springframework.aop.framework.Advised.addAdvice(org.aopalliance.aop.Advice) throws org.springframework.aop.framework.AopConfigException
2025-05-04 15:03:59 [Test worker] TRACE o.s.aop.framework.CglibAopProxy - Method is declared on Advised interface: public abstract boolean org.springframework.aop.framework.Advised.removeAdvice(org.aopalliance.aop.Advice)
2025-05-04 15:03:59 [Test worker] TRACE o.s.aop.framework.CglibAopProxy - Method is declared on Advised interface: public abstract java.lang.String org.springframework.aop.framework.Advised.toProxyConfigString()
2025-05-04 15:03:59 [Test worker] TRACE o.s.aop.framework.CglibAopProxy - Method is declared on Advised interface: public abstract java.lang.Class org.springframework.aop.TargetClassAware.getTargetClass()
2025-05-04 15:03:59 [Test worker] TRACE o.s.a.a.a.AnnotationAwareAspectJAutoProxyCreator - Creating implicit proxy for bean 'roomCategoryController' with 0 common interceptors and 1 specific interceptors
2025-05-04 15:03:59 [Test worker] TRACE o.s.aop.framework.CglibAopProxy - Creating CGLIB proxy: SingletonTargetSource for target object [codegym.c10.hotel.controller.RoomCategoryController@6e499bc1]
2025-05-04 15:03:59 [Test worker] TRACE o.s.aop.framework.CglibAopProxy - Unable to apply any optimizations to advised method: public org.springframework.http.ResponseEntity codegym.c10.hotel.controller.RoomCategoryController.createRoomCategory(java.lang.String,org.springframework.validation.BindingResult,org.springframework.web.multipart.MultipartFile)
2025-05-04 15:03:59 [Test worker] TRACE o.s.aop.framework.CglibAopProxy - Unable to apply any optimizations to advised method: public org.springframework.http.ResponseEntity codegym.c10.hotel.controller.RoomCategoryController.updateRoomCategory(java.lang.Long,java.lang.String,org.springframework.validation.BindingResult,org.springframework.web.multipart.MultipartFile)
2025-05-04 15:03:59 [Test worker] TRACE o.s.aop.framework.CglibAopProxy - Unable to apply any optimizations to advised method: public org.springframework.http.ResponseEntity codegym.c10.hotel.controller.RoomCategoryController.findAllRoomCategories()
2025-05-04 15:03:59 [Test worker] TRACE o.s.aop.framework.CglibAopProxy - Unable to apply any optimizations to advised method: public org.springframework.http.ResponseEntity codegym.c10.hotel.controller.RoomCategoryController.searchRoomCategories(java.lang.String,codegym.c10.hotel.eNum.RoomCategoryStatus,java.lang.Double,java.lang.Double,java.lang.Double,java.lang.Double,java.lang.Double,java.lang.Double,int,int)
2025-05-04 15:03:59 [Test worker] TRACE o.s.aop.framework.CglibAopProxy - Unable to apply any optimizations to advised method: public org.springframework.http.ResponseEntity codegym.c10.hotel.controller.RoomCategoryController.removeRoomCategory(java.lang.Long)
2025-05-04 15:03:59 [Test worker] TRACE o.s.aop.framework.CglibAopProxy - Unable to apply any optimizations to advised method: public org.springframework.http.ResponseEntity codegym.c10.hotel.controller.RoomCategoryController.getRoomCategoryById(java.lang.Long)
2025-05-04 15:03:59 [Test worker] TRACE o.s.aop.framework.CglibAopProxy - Found 'equals' method: public boolean java.lang.Object.equals(java.lang.Object)
2025-05-04 15:03:59 [Test worker] TRACE o.s.aop.framework.CglibAopProxy - Unable to apply any optimizations to advised method: public java.lang.String java.lang.Object.toString()
2025-05-04 15:03:59 [Test worker] TRACE o.s.aop.framework.CglibAopProxy - Found 'hashCode' method: public native int java.lang.Object.hashCode()
2025-05-04 15:03:59 [Test worker] TRACE o.s.aop.framework.CglibAopProxy - Unable to apply any optimizations to advised method: protected native java.lang.Object java.lang.Object.clone() throws java.lang.CloneNotSupportedException
2025-05-04 15:03:59 [Test worker] TRACE o.s.aop.framework.CglibAopProxy - Method is declared on Advised interface: public abstract int org.springframework.aop.framework.Advised.indexOf(org.springframework.aop.Advisor)
2025-05-04 15:03:59 [Test worker] TRACE o.s.aop.framework.CglibAopProxy - Method is declared on Advised interface: public abstract int org.springframework.aop.framework.Advised.indexOf(org.aopalliance.aop.Advice)
2025-05-04 15:03:59 [Test worker] TRACE o.s.aop.framework.CglibAopProxy - Method is declared on Advised interface: public abstract boolean org.springframework.aop.framework.Advised.isFrozen()
2025-05-04 15:03:59 [Test worker] TRACE o.s.aop.framework.CglibAopProxy - Method is declared on Advised interface: public abstract org.springframework.aop.TargetSource org.springframework.aop.framework.Advised.getTargetSource()
2025-05-04 15:03:59 [Test worker] TRACE o.s.aop.framework.CglibAopProxy - Method is declared on Advised interface: public abstract java.lang.Class[] org.springframework.aop.framework.Advised.getProxiedInterfaces()
2025-05-04 15:03:59 [Test worker] TRACE o.s.aop.framework.CglibAopProxy - Method is declared on Advised interface: public abstract boolean org.springframework.aop.framework.Advised.isInterfaceProxied(java.lang.Class)
2025-05-04 15:03:59 [Test worker] TRACE o.s.aop.framework.CglibAopProxy - Method is declared on Advised interface: public default int org.springframework.aop.framework.Advised.getAdvisorCount()
2025-05-04 15:03:59 [Test worker] TRACE o.s.aop.framework.CglibAopProxy - Method is declared on Advised interface: public abstract org.springframework.aop.Advisor[] org.springframework.aop.framework.Advised.getAdvisors()
2025-05-04 15:03:59 [Test worker] TRACE o.s.aop.framework.CglibAopProxy - Method is declared on Advised interface: public abstract boolean org.springframework.aop.framework.Advised.isProxyTargetClass()
2025-05-04 15:03:59 [Test worker] TRACE o.s.aop.framework.CglibAopProxy - Method is declared on Advised interface: public abstract void org.springframework.aop.framework.Advised.setTargetSource(org.springframework.aop.TargetSource)
2025-05-04 15:03:59 [Test worker] TRACE o.s.aop.framework.CglibAopProxy - Method is declared on Advised interface: public abstract void org.springframework.aop.framework.Advised.setExposeProxy(boolean)
2025-05-04 15:03:59 [Test worker] TRACE o.s.aop.framework.CglibAopProxy - Method is declared on Advised interface: public abstract boolean org.springframework.aop.framework.Advised.isExposeProxy()
2025-05-04 15:03:59 [Test worker] TRACE o.s.aop.framework.CglibAopProxy - Method is declared on Advised interface: public abstract void org.springframework.aop.framework.Advised.setPreFiltered(boolean)
2025-05-04 15:03:59 [Test worker] TRACE o.s.aop.framework.CglibAopProxy - Method is declared on Advised interface: public abstract boolean org.springframework.aop.framework.Advised.isPreFiltered()
2025-05-04 15:03:59 [Test worker] TRACE o.s.aop.framework.CglibAopProxy - Method is declared on Advised interface: public abstract void org.springframework.aop.framework.Advised.addAdvisor(org.springframework.aop.Advisor) throws org.springframework.aop.framework.AopConfigException
2025-05-04 15:03:59 [Test worker] TRACE o.s.aop.framework.CglibAopProxy - Method is declared on Advised interface: public abstract void org.springframework.aop.framework.Advised.addAdvisor(int,org.springframework.aop.Advisor) throws org.springframework.aop.framework.AopConfigException
2025-05-04 15:03:59 [Test worker] TRACE o.s.aop.framework.CglibAopProxy - Method is declared on Advised interface: public abstract boolean org.springframework.aop.framework.Advised.removeAdvisor(org.springframework.aop.Advisor)
2025-05-04 15:03:59 [Test worker] TRACE o.s.aop.framework.CglibAopProxy - Method is declared on Advised interface: public abstract void org.springframework.aop.framework.Advised.removeAdvisor(int) throws org.springframework.aop.framework.AopConfigException
2025-05-04 15:03:59 [Test worker] TRACE o.s.aop.framework.CglibAopProxy - Method is declared on Advised interface: public abstract boolean org.springframework.aop.framework.Advised.replaceAdvisor(org.springframework.aop.Advisor,org.springframework.aop.Advisor) throws org.springframework.aop.framework.AopConfigException
2025-05-04 15:03:59 [Test worker] TRACE o.s.aop.framework.CglibAopProxy - Method is declared on Advised interface: public abstract void org.springframework.aop.framework.Advised.addAdvice(int,org.aopalliance.aop.Advice) throws org.springframework.aop.framework.AopConfigException
2025-05-04 15:03:59 [Test worker] TRACE o.s.aop.framework.CglibAopProxy - Method is declared on Advised interface: public abstract void org.springframework.aop.framework.Advised.addAdvice(org.aopalliance.aop.Advice) throws org.springframework.aop.framework.AopConfigException
2025-05-04 15:03:59 [Test worker] TRACE o.s.aop.framework.CglibAopProxy - Method is declared on Advised interface: public abstract boolean org.springframework.aop.framework.Advised.removeAdvice(org.aopalliance.aop.Advice)
2025-05-04 15:03:59 [Test worker] TRACE o.s.aop.framework.CglibAopProxy - Method is declared on Advised interface: public abstract java.lang.String org.springframework.aop.framework.Advised.toProxyConfigString()
2025-05-04 15:03:59 [Test worker] TRACE o.s.aop.framework.CglibAopProxy - Method is declared on Advised interface: public abstract java.lang.Class org.springframework.aop.TargetClassAware.getTargetClass()
2025-05-04 15:03:59 [Test worker] TRACE o.s.a.a.a.AnnotationAwareAspectJAutoProxyCreator - Creating implicit proxy for bean 'roomController' with 0 common interceptors and 1 specific interceptors
2025-05-04 15:03:59 [Test worker] TRACE o.s.aop.framework.CglibAopProxy - Creating CGLIB proxy: SingletonTargetSource for target object [codegym.c10.hotel.controller.RoomController@508edcd7]
2025-05-04 15:03:59 [Test worker] TRACE o.s.aop.framework.CglibAopProxy - Unable to apply any optimizations to advised method: public org.springframework.http.ResponseEntity codegym.c10.hotel.controller.RoomController.createRoom(java.lang.String,org.springframework.web.multipart.MultipartFile,org.springframework.web.multipart.MultipartFile,org.springframework.web.multipart.MultipartFile,org.springframework.web.multipart.MultipartFile,org.springframework.validation.BindingResult)
2025-05-04 15:03:59 [Test worker] TRACE o.s.aop.framework.CglibAopProxy - Unable to apply any optimizations to advised method: public org.springframework.http.ResponseEntity codegym.c10.hotel.controller.RoomController.updateRoom(java.lang.Long,java.lang.String,org.springframework.web.multipart.MultipartFile,org.springframework.web.multipart.MultipartFile,org.springframework.web.multipart.MultipartFile,org.springframework.web.multipart.MultipartFile,org.springframework.validation.BindingResult)
2025-05-04 15:03:59 [Test worker] TRACE o.s.aop.framework.CglibAopProxy - Unable to apply any optimizations to advised method: public org.springframework.http.ResponseEntity codegym.c10.hotel.controller.RoomController.updateRoomStatus(java.lang.Long,codegym.c10.hotel.eNum.RoomStatus)
2025-05-04 15:03:59 [Test worker] TRACE o.s.aop.framework.CglibAopProxy - Unable to apply any optimizations to advised method: public org.springframework.http.ResponseEntity codegym.c10.hotel.controller.RoomController.updateRoomCleaningStatus(java.lang.Long)
2025-05-04 15:03:59 [Test worker] TRACE o.s.aop.framework.CglibAopProxy - Unable to apply any optimizations to advised method: public org.springframework.http.ResponseEntity codegym.c10.hotel.controller.RoomController.getRooms(int,int)
2025-05-04 15:03:59 [Test worker] TRACE o.s.aop.framework.CglibAopProxy - Unable to apply any optimizations to advised method: public org.springframework.http.ResponseEntity codegym.c10.hotel.controller.RoomController.getRoomById(java.lang.Long)
2025-05-04 15:03:59 [Test worker] TRACE o.s.aop.framework.CglibAopProxy - Unable to apply any optimizations to advised method: public org.springframework.http.ResponseEntity codegym.c10.hotel.controller.RoomController.searchRooms(java.lang.String,codegym.c10.hotel.eNum.RoomStatus,java.lang.Integer,int,int)
2025-05-04 15:03:59 [Test worker] TRACE o.s.aop.framework.CglibAopProxy - Unable to apply any optimizations to advised method: public org.springframework.http.ResponseEntity codegym.c10.hotel.controller.RoomController.removeRoom(java.lang.Long)
2025-05-04 15:03:59 [Test worker] TRACE o.s.aop.framework.CglibAopProxy - Unable to apply any optimizations to advised method: public org.springframework.http.ResponseEntity codegym.c10.hotel.controller.RoomController.getCheckoutDueSoon(java.lang.Integer)
2025-05-04 15:03:59 [Test worker] TRACE o.s.aop.framework.CglibAopProxy - Found 'equals' method: public boolean java.lang.Object.equals(java.lang.Object)
2025-05-04 15:03:59 [Test worker] TRACE o.s.aop.framework.CglibAopProxy - Unable to apply any optimizations to advised method: public java.lang.String java.lang.Object.toString()
2025-05-04 15:03:59 [Test worker] TRACE o.s.aop.framework.CglibAopProxy - Found 'hashCode' method: public native int java.lang.Object.hashCode()
2025-05-04 15:03:59 [Test worker] TRACE o.s.aop.framework.CglibAopProxy - Unable to apply any optimizations to advised method: protected native java.lang.Object java.lang.Object.clone() throws java.lang.CloneNotSupportedException
2025-05-04 15:03:59 [Test worker] TRACE o.s.aop.framework.CglibAopProxy - Method is declared on Advised interface: public abstract int org.springframework.aop.framework.Advised.indexOf(org.springframework.aop.Advisor)
2025-05-04 15:03:59 [Test worker] TRACE o.s.aop.framework.CglibAopProxy - Method is declared on Advised interface: public abstract int org.springframework.aop.framework.Advised.indexOf(org.aopalliance.aop.Advice)
2025-05-04 15:03:59 [Test worker] TRACE o.s.aop.framework.CglibAopProxy - Method is declared on Advised interface: public abstract boolean org.springframework.aop.framework.Advised.isFrozen()
2025-05-04 15:03:59 [Test worker] TRACE o.s.aop.framework.CglibAopProxy - Method is declared on Advised interface: public abstract org.springframework.aop.TargetSource org.springframework.aop.framework.Advised.getTargetSource()
2025-05-04 15:03:59 [Test worker] TRACE o.s.aop.framework.CglibAopProxy - Method is declared on Advised interface: public abstract java.lang.Class[] org.springframework.aop.framework.Advised.getProxiedInterfaces()
2025-05-04 15:03:59 [Test worker] TRACE o.s.aop.framework.CglibAopProxy - Method is declared on Advised interface: public abstract boolean org.springframework.aop.framework.Advised.isInterfaceProxied(java.lang.Class)
2025-05-04 15:03:59 [Test worker] TRACE o.s.aop.framework.CglibAopProxy - Method is declared on Advised interface: public default int org.springframework.aop.framework.Advised.getAdvisorCount()
2025-05-04 15:03:59 [Test worker] TRACE o.s.aop.framework.CglibAopProxy - Method is declared on Advised interface: public abstract org.springframework.aop.Advisor[] org.springframework.aop.framework.Advised.getAdvisors()
2025-05-04 15:03:59 [Test worker] TRACE o.s.aop.framework.CglibAopProxy - Method is declared on Advised interface: public abstract boolean org.springframework.aop.framework.Advised.isProxyTargetClass()
2025-05-04 15:03:59 [Test worker] TRACE o.s.aop.framework.CglibAopProxy - Method is declared on Advised interface: public abstract void org.springframework.aop.framework.Advised.setTargetSource(org.springframework.aop.TargetSource)
2025-05-04 15:03:59 [Test worker] TRACE o.s.aop.framework.CglibAopProxy - Method is declared on Advised interface: public abstract void org.springframework.aop.framework.Advised.setExposeProxy(boolean)
2025-05-04 15:03:59 [Test worker] TRACE o.s.aop.framework.CglibAopProxy - Method is declared on Advised interface: public abstract boolean org.springframework.aop.framework.Advised.isExposeProxy()
2025-05-04 15:03:59 [Test worker] TRACE o.s.aop.framework.CglibAopProxy - Method is declared on Advised interface: public abstract void org.springframework.aop.framework.Advised.setPreFiltered(boolean)
2025-05-04 15:03:59 [Test worker] TRACE o.s.aop.framework.CglibAopProxy - Method is declared on Advised interface: public abstract boolean org.springframework.aop.framework.Advised.isPreFiltered()
2025-05-04 15:03:59 [Test worker] TRACE o.s.aop.framework.CglibAopProxy - Method is declared on Advised interface: public abstract void org.springframework.aop.framework.Advised.addAdvisor(org.springframework.aop.Advisor) throws org.springframework.aop.framework.AopConfigException
2025-05-04 15:03:59 [Test worker] TRACE o.s.aop.framework.CglibAopProxy - Method is declared on Advised interface: public abstract void org.springframework.aop.framework.Advised.addAdvisor(int,org.springframework.aop.Advisor) throws org.springframework.aop.framework.AopConfigException
2025-05-04 15:03:59 [Test worker] TRACE o.s.aop.framework.CglibAopProxy - Method is declared on Advised interface: public abstract boolean org.springframework.aop.framework.Advised.removeAdvisor(org.springframework.aop.Advisor)
2025-05-04 15:03:59 [Test worker] TRACE o.s.aop.framework.CglibAopProxy - Method is declared on Advised interface: public abstract void org.springframework.aop.framework.Advised.removeAdvisor(int) throws org.springframework.aop.framework.AopConfigException
2025-05-04 15:03:59 [Test worker] TRACE o.s.aop.framework.CglibAopProxy - Method is declared on Advised interface: public abstract boolean org.springframework.aop.framework.Advised.replaceAdvisor(org.springframework.aop.Advisor,org.springframework.aop.Advisor) throws org.springframework.aop.framework.AopConfigException
2025-05-04 15:03:59 [Test worker] TRACE o.s.aop.framework.CglibAopProxy - Method is declared on Advised interface: public abstract void org.springframework.aop.framework.Advised.addAdvice(int,org.aopalliance.aop.Advice) throws org.springframework.aop.framework.AopConfigException
2025-05-04 15:03:59 [Test worker] TRACE o.s.aop.framework.CglibAopProxy - Method is declared on Advised interface: public abstract void org.springframework.aop.framework.Advised.addAdvice(org.aopalliance.aop.Advice) throws org.springframework.aop.framework.AopConfigException
2025-05-04 15:03:59 [Test worker] TRACE o.s.aop.framework.CglibAopProxy - Method is declared on Advised interface: public abstract boolean org.springframework.aop.framework.Advised.removeAdvice(org.aopalliance.aop.Advice)
2025-05-04 15:03:59 [Test worker] TRACE o.s.aop.framework.CglibAopProxy - Method is declared on Advised interface: public abstract java.lang.String org.springframework.aop.framework.Advised.toProxyConfigString()
2025-05-04 15:03:59 [Test worker] TRACE o.s.aop.framework.CglibAopProxy - Method is declared on Advised interface: public abstract java.lang.Class org.springframework.aop.TargetClassAware.getTargetClass()
2025-05-04 15:03:59 [Test worker] TRACE o.s.a.a.a.AnnotationAwareAspectJAutoProxyCreator - Creating implicit proxy for bean 'userController' with 0 common interceptors and 1 specific interceptors
2025-05-04 15:03:59 [Test worker] TRACE o.s.aop.framework.CglibAopProxy - Creating CGLIB proxy: SingletonTargetSource for target object [codegym.c10.hotel.controller.UserController@7707cd05]
2025-05-04 15:03:59 [Test worker] TRACE o.s.aop.framework.CglibAopProxy - Unable to apply any optimizations to advised method: public org.springframework.http.ResponseEntity codegym.c10.hotel.controller.UserController.getAllUsers()
2025-05-04 15:03:59 [Test worker] TRACE o.s.aop.framework.CglibAopProxy - Unable to apply any optimizations to advised method: public org.springframework.http.ResponseEntity codegym.c10.hotel.controller.UserController.updateUserStatus(java.lang.Long,codegym.c10.hotel.dto.UserStatusDto)
2025-05-04 15:03:59 [Test worker] TRACE o.s.aop.framework.CglibAopProxy - Unable to apply any optimizations to advised method: public org.springframework.http.ResponseEntity codegym.c10.hotel.controller.UserController.getUserById(java.lang.Long)
2025-05-04 15:03:59 [Test worker] TRACE o.s.aop.framework.CglibAopProxy - Found 'equals' method: public boolean java.lang.Object.equals(java.lang.Object)
2025-05-04 15:03:59 [Test worker] TRACE o.s.aop.framework.CglibAopProxy - Unable to apply any optimizations to advised method: public java.lang.String java.lang.Object.toString()
2025-05-04 15:03:59 [Test worker] TRACE o.s.aop.framework.CglibAopProxy - Found 'hashCode' method: public native int java.lang.Object.hashCode()
2025-05-04 15:03:59 [Test worker] TRACE o.s.aop.framework.CglibAopProxy - Unable to apply any optimizations to advised method: protected native java.lang.Object java.lang.Object.clone() throws java.lang.CloneNotSupportedException
2025-05-04 15:03:59 [Test worker] TRACE o.s.aop.framework.CglibAopProxy - Method is declared on Advised interface: public abstract int org.springframework.aop.framework.Advised.indexOf(org.springframework.aop.Advisor)
2025-05-04 15:03:59 [Test worker] TRACE o.s.aop.framework.CglibAopProxy - Method is declared on Advised interface: public abstract int org.springframework.aop.framework.Advised.indexOf(org.aopalliance.aop.Advice)
2025-05-04 15:03:59 [Test worker] TRACE o.s.aop.framework.CglibAopProxy - Method is declared on Advised interface: public abstract boolean org.springframework.aop.framework.Advised.isFrozen()
2025-05-04 15:03:59 [Test worker] TRACE o.s.aop.framework.CglibAopProxy - Method is declared on Advised interface: public abstract org.springframework.aop.TargetSource org.springframework.aop.framework.Advised.getTargetSource()
2025-05-04 15:03:59 [Test worker] TRACE o.s.aop.framework.CglibAopProxy - Method is declared on Advised interface: public abstract java.lang.Class[] org.springframework.aop.framework.Advised.getProxiedInterfaces()
2025-05-04 15:03:59 [Test worker] TRACE o.s.aop.framework.CglibAopProxy - Method is declared on Advised interface: public abstract boolean org.springframework.aop.framework.Advised.isInterfaceProxied(java.lang.Class)
2025-05-04 15:03:59 [Test worker] TRACE o.s.aop.framework.CglibAopProxy - Method is declared on Advised interface: public default int org.springframework.aop.framework.Advised.getAdvisorCount()
2025-05-04 15:03:59 [Test worker] TRACE o.s.aop.framework.CglibAopProxy - Method is declared on Advised interface: public abstract org.springframework.aop.Advisor[] org.springframework.aop.framework.Advised.getAdvisors()
2025-05-04 15:03:59 [Test worker] TRACE o.s.aop.framework.CglibAopProxy - Method is declared on Advised interface: public abstract boolean org.springframework.aop.framework.Advised.isProxyTargetClass()
2025-05-04 15:03:59 [Test worker] TRACE o.s.aop.framework.CglibAopProxy - Method is declared on Advised interface: public abstract void org.springframework.aop.framework.Advised.setTargetSource(org.springframework.aop.TargetSource)
2025-05-04 15:03:59 [Test worker] TRACE o.s.aop.framework.CglibAopProxy - Method is declared on Advised interface: public abstract void org.springframework.aop.framework.Advised.setExposeProxy(boolean)
2025-05-04 15:03:59 [Test worker] TRACE o.s.aop.framework.CglibAopProxy - Method is declared on Advised interface: public abstract boolean org.springframework.aop.framework.Advised.isExposeProxy()
2025-05-04 15:03:59 [Test worker] TRACE o.s.aop.framework.CglibAopProxy - Method is declared on Advised interface: public abstract void org.springframework.aop.framework.Advised.setPreFiltered(boolean)
2025-05-04 15:03:59 [Test worker] TRACE o.s.aop.framework.CglibAopProxy - Method is declared on Advised interface: public abstract boolean org.springframework.aop.framework.Advised.isPreFiltered()
2025-05-04 15:03:59 [Test worker] TRACE o.s.aop.framework.CglibAopProxy - Method is declared on Advised interface: public abstract void org.springframework.aop.framework.Advised.addAdvisor(org.springframework.aop.Advisor) throws org.springframework.aop.framework.AopConfigException
2025-05-04 15:03:59 [Test worker] TRACE o.s.aop.framework.CglibAopProxy - Method is declared on Advised interface: public abstract void org.springframework.aop.framework.Advised.addAdvisor(int,org.springframework.aop.Advisor) throws org.springframework.aop.framework.AopConfigException
2025-05-04 15:03:59 [Test worker] TRACE o.s.aop.framework.CglibAopProxy - Method is declared on Advised interface: public abstract boolean org.springframework.aop.framework.Advised.removeAdvisor(org.springframework.aop.Advisor)
2025-05-04 15:03:59 [Test worker] TRACE o.s.aop.framework.CglibAopProxy - Method is declared on Advised interface: public abstract void org.springframework.aop.framework.Advised.removeAdvisor(int) throws org.springframework.aop.framework.AopConfigException
2025-05-04 15:03:59 [Test worker] TRACE o.s.aop.framework.CglibAopProxy - Method is declared on Advised interface: public abstract boolean org.springframework.aop.framework.Advised.replaceAdvisor(org.springframework.aop.Advisor,org.springframework.aop.Advisor) throws org.springframework.aop.framework.AopConfigException
2025-05-04 15:03:59 [Test worker] TRACE o.s.aop.framework.CglibAopProxy - Method is declared on Advised interface: public abstract void org.springframework.aop.framework.Advised.addAdvice(int,org.aopalliance.aop.Advice) throws org.springframework.aop.framework.AopConfigException
2025-05-04 15:03:59 [Test worker] TRACE o.s.aop.framework.CglibAopProxy - Method is declared on Advised interface: public abstract void org.springframework.aop.framework.Advised.addAdvice(org.aopalliance.aop.Advice) throws org.springframework.aop.framework.AopConfigException
2025-05-04 15:03:59 [Test worker] TRACE o.s.aop.framework.CglibAopProxy - Method is declared on Advised interface: public abstract boolean org.springframework.aop.framework.Advised.removeAdvice(org.aopalliance.aop.Advice)
2025-05-04 15:03:59 [Test worker] TRACE o.s.aop.framework.CglibAopProxy - Method is declared on Advised interface: public abstract java.lang.String org.springframework.aop.framework.Advised.toProxyConfigString()
2025-05-04 15:03:59 [Test worker] TRACE o.s.aop.framework.CglibAopProxy - Method is declared on Advised interface: public abstract java.lang.Class org.springframework.aop.TargetClassAware.getTargetClass()
2025-05-04 15:03:59 [Test worker] TRACE o.s.a.a.a.AnnotationAwareAspectJAutoProxyCreator - Creating implicit proxy for bean 'activityLogEventListener' with 0 common interceptors and 1 specific interceptors
2025-05-04 15:03:59 [Test worker] TRACE o.s.aop.framework.CglibAopProxy - Creating CGLIB proxy: SingletonTargetSource for target object [codegym.c10.hotel.listener.ActivityLogEventListener@107f5239]
2025-05-04 15:03:59 [Test worker] TRACE o.s.aop.framework.CglibAopProxy - Unable to apply any optimizations to advised method: public void codegym.c10.hotel.listener.ActivityLogEventListener.handleActivityLogEvent(codegym.c10.hotel.event.ActivityLogEvent)
2025-05-04 15:03:59 [Test worker] TRACE o.s.aop.framework.CglibAopProxy - Found 'equals' method: public boolean java.lang.Object.equals(java.lang.Object)
2025-05-04 15:03:59 [Test worker] TRACE o.s.aop.framework.CglibAopProxy - Unable to apply any optimizations to advised method: public java.lang.String java.lang.Object.toString()
2025-05-04 15:03:59 [Test worker] TRACE o.s.aop.framework.CglibAopProxy - Found 'hashCode' method: public native int java.lang.Object.hashCode()
2025-05-04 15:03:59 [Test worker] TRACE o.s.aop.framework.CglibAopProxy - Unable to apply any optimizations to advised method: protected native java.lang.Object java.lang.Object.clone() throws java.lang.CloneNotSupportedException
2025-05-04 15:03:59 [Test worker] TRACE o.s.aop.framework.CglibAopProxy - Method is declared on Advised interface: public abstract int org.springframework.aop.framework.Advised.indexOf(org.springframework.aop.Advisor)
2025-05-04 15:03:59 [Test worker] TRACE o.s.aop.framework.CglibAopProxy - Method is declared on Advised interface: public abstract int org.springframework.aop.framework.Advised.indexOf(org.aopalliance.aop.Advice)
2025-05-04 15:03:59 [Test worker] TRACE o.s.aop.framework.CglibAopProxy - Method is declared on Advised interface: public abstract boolean org.springframework.aop.framework.Advised.isFrozen()
2025-05-04 15:03:59 [Test worker] TRACE o.s.aop.framework.CglibAopProxy - Method is declared on Advised interface: public abstract org.springframework.aop.TargetSource org.springframework.aop.framework.Advised.getTargetSource()
2025-05-04 15:03:59 [Test worker] TRACE o.s.aop.framework.CglibAopProxy - Method is declared on Advised interface: public abstract java.lang.Class[] org.springframework.aop.framework.Advised.getProxiedInterfaces()
2025-05-04 15:03:59 [Test worker] TRACE o.s.aop.framework.CglibAopProxy - Method is declared on Advised interface: public abstract boolean org.springframework.aop.framework.Advised.isInterfaceProxied(java.lang.Class)
2025-05-04 15:03:59 [Test worker] TRACE o.s.aop.framework.CglibAopProxy - Method is declared on Advised interface: public default int org.springframework.aop.framework.Advised.getAdvisorCount()
2025-05-04 15:03:59 [Test worker] TRACE o.s.aop.framework.CglibAopProxy - Method is declared on Advised interface: public abstract org.springframework.aop.Advisor[] org.springframework.aop.framework.Advised.getAdvisors()
2025-05-04 15:03:59 [Test worker] TRACE o.s.aop.framework.CglibAopProxy - Method is declared on Advised interface: public abstract boolean org.springframework.aop.framework.Advised.isProxyTargetClass()
2025-05-04 15:03:59 [Test worker] TRACE o.s.aop.framework.CglibAopProxy - Method is declared on Advised interface: public abstract void org.springframework.aop.framework.Advised.setTargetSource(org.springframework.aop.TargetSource)
2025-05-04 15:03:59 [Test worker] TRACE o.s.aop.framework.CglibAopProxy - Method is declared on Advised interface: public abstract void org.springframework.aop.framework.Advised.setExposeProxy(boolean)
2025-05-04 15:03:59 [Test worker] TRACE o.s.aop.framework.CglibAopProxy - Method is declared on Advised interface: public abstract boolean org.springframework.aop.framework.Advised.isExposeProxy()
2025-05-04 15:03:59 [Test worker] TRACE o.s.aop.framework.CglibAopProxy - Method is declared on Advised interface: public abstract void org.springframework.aop.framework.Advised.setPreFiltered(boolean)
2025-05-04 15:03:59 [Test worker] TRACE o.s.aop.framework.CglibAopProxy - Method is declared on Advised interface: public abstract boolean org.springframework.aop.framework.Advised.isPreFiltered()
2025-05-04 15:03:59 [Test worker] TRACE o.s.aop.framework.CglibAopProxy - Method is declared on Advised interface: public abstract void org.springframework.aop.framework.Advised.addAdvisor(org.springframework.aop.Advisor) throws org.springframework.aop.framework.AopConfigException
2025-05-04 15:03:59 [Test worker] TRACE o.s.aop.framework.CglibAopProxy - Method is declared on Advised interface: public abstract void org.springframework.aop.framework.Advised.addAdvisor(int,org.springframework.aop.Advisor) throws org.springframework.aop.framework.AopConfigException
2025-05-04 15:03:59 [Test worker] TRACE o.s.aop.framework.CglibAopProxy - Method is declared on Advised interface: public abstract boolean org.springframework.aop.framework.Advised.removeAdvisor(org.springframework.aop.Advisor)
2025-05-04 15:03:59 [Test worker] TRACE o.s.aop.framework.CglibAopProxy - Method is declared on Advised interface: public abstract void org.springframework.aop.framework.Advised.removeAdvisor(int) throws org.springframework.aop.framework.AopConfigException
2025-05-04 15:03:59 [Test worker] TRACE o.s.aop.framework.CglibAopProxy - Method is declared on Advised interface: public abstract boolean org.springframework.aop.framework.Advised.replaceAdvisor(org.springframework.aop.Advisor,org.springframework.aop.Advisor) throws org.springframework.aop.framework.AopConfigException
2025-05-04 15:03:59 [Test worker] TRACE o.s.aop.framework.CglibAopProxy - Method is declared on Advised interface: public abstract void org.springframework.aop.framework.Advised.addAdvice(int,org.aopalliance.aop.Advice) throws org.springframework.aop.framework.AopConfigException
2025-05-04 15:03:59 [Test worker] TRACE o.s.aop.framework.CglibAopProxy - Method is declared on Advised interface: public abstract void org.springframework.aop.framework.Advised.addAdvice(org.aopalliance.aop.Advice) throws org.springframework.aop.framework.AopConfigException
2025-05-04 15:03:59 [Test worker] TRACE o.s.aop.framework.CglibAopProxy - Method is declared on Advised interface: public abstract boolean org.springframework.aop.framework.Advised.removeAdvice(org.aopalliance.aop.Advice)
2025-05-04 15:03:59 [Test worker] TRACE o.s.aop.framework.CglibAopProxy - Method is declared on Advised interface: public abstract java.lang.String org.springframework.aop.framework.Advised.toProxyConfigString()
2025-05-04 15:03:59 [Test worker] TRACE o.s.aop.framework.CglibAopProxy - Method is declared on Advised interface: public abstract java.lang.Class org.springframework.aop.TargetClassAware.getTargetClass()
2025-05-04 15:03:59 [Test worker] TRACE o.s.aop.framework.JdkDynamicAopProxy - Creating JDK dynamic proxy: org.springframework.context.annotation.ContextAnnotationAutowireCandidateResolver$LazyDependencyTargetSource@1035953
2025-05-04 15:04:00 [Test worker] WARN  o.s.b.a.o.j.JpaBaseConfiguration$JpaWebConfiguration - spring.jpa.open-in-view is enabled by default. Therefore, database queries may be performed during view rendering. Explicitly configure spring.jpa.open-in-view to disable this warning
2025-05-04 15:04:00 [Test worker] INFO  o.s.s.c.a.a.c.InitializeAuthenticationProviderBeanManagerConfigurer$InitializeAuthenticationProviderManagerConfigurer - Global AuthenticationManager configured with AuthenticationProvider bean with name authenticationProvider
2025-05-04 15:04:00 [Test worker] WARN  o.s.s.c.a.a.c.InitializeUserDetailsBeanManagerConfigurer$InitializeUserDetailsManagerConfigurer - Global AuthenticationManager configured with an AuthenticationProvider bean. UserDetailsService beans will not be used by Spring Security for automatically configuring username/password login. Consider removing the AuthenticationProvider bean. Alternatively, consider using the UserDetailsService in a manually instantiated DaoAuthenticationProvider. If the current configuration is intentional, to turn off this warning, increase the logging level of 'org.springframework.security.config.annotation.authentication.configuration.InitializeUserDetailsBeanManagerConfigurer' to ERROR
2025-05-04 15:04:00 [Test worker] TRACE o.s.a.a.a.AnnotationAwareAspectJAutoProxyCreator - Did not attempt to auto-proxy infrastructure class [org.springframework.security.access.expression.SecurityExpressionHandler]
2025-05-04 15:04:00 [Test worker] TRACE o.s.a.a.a.AnnotationAwareAspectJAutoProxyCreator - Did not attempt to auto-proxy infrastructure class [org.springframework.security.config.annotation.method.configuration.PrePostMethodSecurityConfiguration]
2025-05-04 15:04:00 [Test worker] TRACE o.s.a.a.a.AnnotationAwareAspectJAutoProxyCreator - Did not attempt to auto-proxy infrastructure class [org.springframework.security.config.annotation.method.configuration.AuthorizationProxyConfiguration]
2025-05-04 15:04:01 [Test worker] INFO  c.c.h.HotelManagementBackendApplicationTests - Started HotelManagementBackendApplicationTests in 11.917 seconds (process running for 13.215)
2025-05-04 15:04:01 [SpringApplicationShutdownHook] INFO  o.s.o.j.LocalContainerEntityManagerFactoryBean - Closing JPA EntityManagerFactory for persistence unit 'default'
2025-05-04 15:04:01 [SpringApplicationShutdownHook] INFO  com.zaxxer.hikari.HikariDataSource - HikariPool-1 - Shutdown initiated...
2025-05-04 15:04:01 [SpringApplicationShutdownHook] INFO  com.zaxxer.hikari.HikariDataSource - HikariPool-1 - Shutdown completed.
2025-05-04 15:05:14 [http-nio-8080-exec-1] INFO  o.a.c.c.C.[Tomcat].[localhost].[/] - Initializing Spring DispatcherServlet 'dispatcherServlet'
2025-05-04 15:05:14 [http-nio-8080-exec-1] INFO  o.s.web.servlet.DispatcherServlet - Initializing Servlet 'dispatcherServlet'
2025-05-04 15:05:14 [http-nio-8080-exec-1] INFO  o.s.web.servlet.DispatcherServlet - Completed initialization in 4 ms
2025-05-04 15:05:14 [http-nio-8080-exec-2] DEBUG org.hibernate.SQL - 
    select
        u1_0.id,
        u1_0.created_at,
        u1_0.deleted,
        u1_0.email,
        u1_0.is_locked,
        u1_0.password_hash,
        u1_0.updated_at,
        u1_0.username 
    from
        users u1_0 
    where
        u1_0.username=?
2025-05-04 15:05:14 [http-nio-8080-exec-2] DEBUG org.hibernate.SQL - 
    select
        e1_0.id,
        e1_0.address,
        e1_0.created_at,
        e1_0.deleted,
        e1_0.department,
        e1_0.dob,
        e1_0.full_name,
        e1_0.gender,
        e1_0.id_card,
        e1_0.img_url,
        e1_0.note,
        e1_0.phone,
        e1_0.position,
        e1_0.start_date,
        e1_0.updated_at,
        e1_0.user_id 
    from
        employees e1_0 
    where
        e1_0.user_id=?
2025-05-04 15:05:14 [http-nio-8080-exec-2] DEBUG org.hibernate.SQL - 
    select
        r1_0.user_id,
        r1_1.id,
        r1_1.created_at,
        r1_1.deleted,
        r1_1.name,
        p1_0.role_id,
        p1_1.id,
        p1_1.created_at,
        p1_1.deleted,
        p1_1.name,
        p1_1.updated_at,
        r1_1.updated_at 
    from
        user_role r1_0 
    join
        roles r1_1 
            on r1_1.id=r1_0.role_id 
    left join
        role_permissions p1_0 
            on r1_1.id=p1_0.role_id 
    left join
        permissions p1_1 
            on p1_1.id=p1_0.permission_id 
    where
        r1_0.user_id=?
2025-05-04 15:05:14 [http-nio-8080-exec-2] INFO  c.c10.hotel.service.user.UserService - User found: admin
2025-05-04 15:05:14 [http-nio-8080-exec-2] DEBUG org.hibernate.SQL - 
    select
        al1_0.id,
        al1_0.action,
        al1_0.created_at,
        al1_0.deleted,
        al1_0.description,
        al1_0.timestamp,
        al1_0.updated_at,
        al1_0.user_id 
    from
        activity_logs al1_0 
    where
        not(al1_0.deleted)
2025-05-04 15:05:14 [http-nio-8080-exec-2] DEBUG org.hibernate.SQL - 
    select
        u1_0.id,
        u1_0.created_at,
        u1_0.deleted,
        u1_0.email,
        u1_0.is_locked,
        u1_0.password_hash,
        r1_0.user_id,
        r1_1.id,
        r1_1.created_at,
        r1_1.deleted,
        r1_1.name,
        p1_0.role_id,
        p1_1.id,
        p1_1.created_at,
        p1_1.deleted,
        p1_1.name,
        p1_1.updated_at,
        r1_1.updated_at,
        u1_0.updated_at,
        u1_0.username 
    from
        users u1_0 
    left join
        user_role r1_0 
            on u1_0.id=r1_0.user_id 
    left join
        roles r1_1 
            on r1_1.id=r1_0.role_id 
    left join
        role_permissions p1_0 
            on r1_1.id=p1_0.role_id 
    left join
        permissions p1_1 
            on p1_1.id=p1_0.permission_id 
    where
        u1_0.id=?
2025-05-04 15:05:14 [http-nio-8080-exec-2] DEBUG org.hibernate.SQL - 
    select
        e1_0.id,
        e1_0.address,
        e1_0.created_at,
        e1_0.deleted,
        e1_0.department,
        e1_0.dob,
        e1_0.full_name,
        e1_0.gender,
        e1_0.id_card,
        e1_0.img_url,
        e1_0.note,
        e1_0.phone,
        e1_0.position,
        e1_0.start_date,
        e1_0.updated_at,
        e1_0.user_id 
    from
        employees e1_0 
    where
        e1_0.user_id=?
2025-05-04 15:09:38 [SpringApplicationShutdownHook] INFO  o.s.b.w.e.tomcat.GracefulShutdown - Commencing graceful shutdown. Waiting for active requests to complete
2025-05-04 15:09:38 [tomcat-shutdown] INFO  o.s.b.w.e.tomcat.GracefulShutdown - Graceful shutdown complete
2025-05-04 15:09:38 [SpringApplicationShutdownHook] INFO  o.s.o.j.LocalContainerEntityManagerFactoryBean - Closing JPA EntityManagerFactory for persistence unit 'default'
2025-05-04 15:09:38 [SpringApplicationShutdownHook] INFO  com.zaxxer.hikari.HikariDataSource - HikariPool-1 - Shutdown initiated...
2025-05-04 15:09:38 [SpringApplicationShutdownHook] INFO  com.zaxxer.hikari.HikariDataSource - HikariPool-1 - Shutdown completed.
